id,smiles
DB09185,CCOC1=CC=CC=C1OCC2CNCCO2
DB09048,CC1=CC=CC=C1C2=CC(=NC=C2N(C)C(=O)C(C)(C)C3=CC(=CC(=C3)C(F)(F)F)C(F)(F)F)N4CCN(CC4)C
DB11672,COC1=C(C=CC(=C1)/C=C/C(=O)CC(=O)/C=C/C2=CC(=C(C=C2)O)OC)O
DB01026,CC(=O)N1CCN(CC1)C2=CC=C(C=C2)OCC3COC(O3)(CN4C=CN=C4)C5=C(C=C(C=C5)Cl)Cl
DB01072,CC(C)(C)[C@@H](C(=O)N[C@@H](CC1=CC=CC=C1)[C@H](CN(CC2=CC=C(C=C2)C3=CC=CC=N3)NC(=O)[C@H](C(C)(C)C)NC(=O)OC)O)NC(=O)OC
DB02703,C[C@H]1[C@@H]2CC[C@]3([C@H]([C@]2(CC[C@H]1O)C)[C@@H](C[C@@H]\4[C@@]3(C[C@@H](/C4=C(/CCC=C(C)C)\C(=O)O)OC(=O)C)C)O)C
DB01087,CC(CCCN)NC1=C2C(=CC(=C1)OC)C=CC=N2
DB00951,C1=CN=CC=C1C(=O)NN
DB00932,CCC[C@]1(CC(=C(C(=O)O1)[C@H](CC)C2=CC(=CC=C2)NS(=O)(=O)C3=NC=C(C=C3)C(F)(F)F)O)CCC4=CC=CC=C4
DB01118,CCCCC1=C(C2=CC=CC=C2O1)C(=O)C3=CC(=C(C(=C3)I)OCCN(CC)CC)I
DB01232,CC(C)(C)NC(=O)[C@@H]1C[C@@H]2CCCC[C@@H]2CN1C[C@H]([C@H](CC3=CC=CC=C3)NC(=O)[C@H](CC(=O)N)NC(=O)C4=NC5=CC=CC=C5C=C4)O
DB12245,CSC1=NC2=CC(=C(C=C2N1)Cl)OC3=C(C(=CC=C3)Cl)Cl
DB09065,CC(C)C1=NC(=CS1)CN(C)C(=O)N[C@@H](CCN2CCOCC2)C(=O)N[C@H](CC[C@H](CC3=CC=CC=C3)NC(=O)OCC4=CN=CS4)CC5=CC=CC=C5
DB11730,CN(C)C(=O)C1=CC2=CN=C(N=C2N1C3CCCC3)NC4=NC=C(C=C4)N5CCNCC5
DB06636,C[C@@H](C1=NC(=CS1)C2=CC=C(C=C2)C#N)[C@](CN3C=[N+](C=N3)C(C)OC(=O)N(C)C4=C(C=CC=N4)COC(=O)CNC)(C5=C(C=CC(=C5)F)F)O
DB00872,CC1=NC2=C(N1)CCN(C3=CC=CC=C32)C(=O)C4=CC=C(C=C4)NC(=O)C5=CC=CC=C5C6=CC=CC=C6
DB03783,CCOC1=CC=C(C=C1)NC(=O)C
DB11652,CC1=C(C=CC(=C1)NC2=NC=NC3=C2C=C(C=C3)NC4=NC(CO4)(C)C)OC5=CC6=NC=NN6C=C5
DB12332,CNCC1=CC=C(C=C1)C2=C3CCNC(=O)C4=C3C(=CC(=C4)F)N2
DB01406,C[C@]12CC[C@H]3[C@H]([C@@H]1CC[C@]2(C#C)O)CCC4=CC5=C(C[C@]34C)C=NO5
DB00976,CC[C@@H]1[C@@]2([C@@H]([C@H](C(=O)[C@@H](C[C@@]([C@@H]([C@H](C(=O)[C@H](C(=O)O1)C)C)O[C@H]3[C@@H]([C@H](C[C@H](O3)C)N(C)C)O)(C)OC)C)C)N(C(=O)O2)CCCCN4C=C(N=C4)C5=CN=CC=C5)C
DB00696,C[C@@]1(C(=O)N2[C@H](C(=O)N3CCC[C@H]3[C@@]2(O1)O)CC4=CC=CC=C4)NC(=O)[C@H]5CN([C@@H]6CC7=CNC8=CC=CC(=C78)C6=C5)C
DB01263,CC[C@@H]([C@H](C)O)N1C(=O)N(C=N1)C2=CC=C(C=C2)N3CCN(CC3)C4=CC=C(C=C4)OC[C@H]5C[C@](OC5)(CN6C=NC=N6)C7=C(C=C(C=C7)F)F
DB11757,CCN1C2=C(C(=O)N(C1=O)CC)N(C(=N2)/C=C/C3=CC(=C(C=C3)OC)OC)C
DB09101,CC(C)[C@@H](CO)N1C=C(C(=O)C2=C1C=C(C(=C2)CC3=C(C(=CC=C3)Cl)F)OC)C(=O)O
DB06595,C[C@@]12[C@@H]([C@@H](C[C@@H](O1)N3C4=CC=CC=C4C5=C6C(=C7C8=CC=CC=C8N2C7=C53)CNC6=O)N(C)C(=O)C9=CC=CC=C9)OC
DB01211,CC[C@@H]1[C@@]([C@@H]([C@H](C(=O)[C@@H](C[C@@]([C@@H]([C@H]([C@@H]([C@H](C(=O)O1)C)O[C@H]2C[C@@]([C@H]([C@@H](O2)C)O)(C)OC)C)O[C@H]3[C@@H]([C@H](C[C@H](O3)C)N(C)C)O)(C)OC)C)C)O)(C)O
DB06712,CC1=C(C(C(=C(N1)C#N)C(=O)OC)C2=CC(=CC=C2)[N+](=O)[O-])C(=O)OC(C)C
DB00675,CC/C(=C(\C1=CC=CC=C1)/C2=CC=C(C=C2)OCCN(C)C)/C3=CC=CC=C3
DB00582,C[C@@H](C1=NC=NC=C1F)[C@](CN2C=NC=N2)(C3=C(C=C(C=C3)F)F)O
DB01167,CCC(C)N1C(=O)N(C=N1)C2=CC=C(C=C2)N3CCN(CC3)C4=CC=C(C=C4)OC[C@H]5CO[C@](O5)(CN6C=NC=N6)C7=C(C=C(C=C7)Cl)Cl
DB00622,CC1=C(C(C(=C(N1)C)C(=O)OCCN(C)CC2=CC=CC=C2)C3=CC(=CC=C3)[N+](=O)[O-])C(=O)OC
DB13874,CC(C)(CNC1=NC(=NC(=N1)C2=NC(=CC=C2)C(F)(F)F)NC3=CC(=NC=C3)C(F)(F)F)O
DB01095,CC(C)N1C2=CC=CC=C2C(=C1/C=C/[C@@H](C[C@@H](CC(=O)O)O)O)C3=CC=C(C=C3)F
DB00661,CC(C)C(CCCN(C)CCC1=CC(=C(C=C1)OC)OC)(C#N)C2=CC(=C(C=C2)OC)OC
DB09227,CC1=C([C@@H](C(=C(N1)C)C(=O)O[C@H]2CCN(C2)CC3=CC=CC=C3)C4=CC(=CC=C4)[N+](=O)[O-])C(=O)OC
DB00857,CC(C)(C)C#C/C=C/CN(C)CC1=CC=CC2=CC=CC=C21
DB00501,CC1=C(N=CN1)CSCCNC(=NC)NC#N
DB08873,CC1([C@@H]2[C@H]1[C@H](N(C2)C(=O)[C@H](C(C)(C)C)NC(=O)NC(C)(C)C)C(=O)NC(CC3CCC3)C(=O)C(=O)N)C
DB11837,C1CC2=CN=CN2[C@H]1C3=C(C=C(C=C3)C#N)F
DB00530,COCCOC1=C(C=C2C(=C1)C(=NC=N2)NC3=CC=CC(=C3)C#C)OCCOC
DB08882,CC#CCN1C2=C(N=C1N3CCC[C@H](C3)N)N(C(=O)N(C2=O)CC4=NC5=CC=CC=C5C(=N4)C)C
DB11679,CC1=C(C2=C(O1)C=C(C=C2)OC3=NC=NC4=CC(=C(C=C43)OC)OC)C(=O)NC
DB00972,CN1CCCC(CC1)N2C(=O)C3=CC=CC=C3C(=N2)CC4=CC=C(C=C4)Cl
DB09053,C=CC(=O)N1CCC[C@H](C1)N2C3=NC=NC(=C3C(=N2)C4=CC=C(C=C4)OC5=CC=CC=C5)N
DB00448,CC1=C(C=CN=C1CS(=O)C2=NC3=CC=CC=C3N2)OCC(F)(F)F
DB00590,COC1=C(C=C2C(=C1)C(=NC(=N2)N3CCN(CC3)C(=O)C4COC5=CC=CC=C5O4)N)OC
DB04938,C1=CC=C(C=C1)/C(=C(/C2=CC=CC=C2)\C3=CC=C(C=C3)OCCO)/CCCl
DB11586,CC(C)(C)[C@@H](C(=O)N1C[C@@H](C[C@H]1C(=O)N[C@@]2(C[C@H]2C=C)C(=O)NS(=O)(=O)C3CC3)OC4=NC=C(C5=C4C=C(C=C5)Cl)OC)NC(=O)OC(C)(C)C
DB05109,CC1=CC2=C([C@@H]3[C@@H]4[C@H]5C6=C(C(=C7C(=C6[C@@H](N4[C@H]([C@H](C2)N3C)O)COC(=O)[C@@]8(CS5)C9=CC(=C(C=C9CCN8)O)OC)OCO7)C)OC(=O)C)C(=C1OC)O
DB01195,C1CCNC(C1)CNC(=O)C2=C(C=CC(=C2)OCC(F)(F)F)OCC(F)(F)F
DB01264,CC(C)CN(C[C@H]([C@H](CC1=CC=CC=C1)NC(=O)O[C@H]2CO[C@@H]3[C@H]2CCO3)O)S(=O)(=O)C4=CC=C(C=C4)N
DB00343,CC(=O)O[C@@H]1[C@@H](SC2=CC=CC=C2N(C1=O)CCN(C)C)C3=CC=C(C=C3)OC
DB00758,COC(=O)[C@H](C1=CC=CC=C1Cl)N2CCC3=C(C2)C=CS3
DB00705,CC(C)NC1=C(N=CC=C1)N2CCN(CC2)C(=O)C3=CC4=C(N3)C=CC(=C4)NS(=O)(=O)C
DB04855,CCCCC1=C(C2=C(O1)C=CC(=C2)NS(=O)(=O)C)C(=O)C3=CC=C(C=C3)OCCCN(CCCC)CCCC
DB08901,CC1=C(C=C(C=C1)C(=O)NC2=CC(=C(C=C2)CN3CCN(CC3)C)C(F)(F)F)C#CC4=CN=C5N4N=CC=C5
DB11689,CN1C=NC2=C1C=C(C(=C2F)NC3=C(C=C(C=C3)Br)Cl)C(=O)NOCCO
DB01100,C1CN(CCC1N2C3=CC=CC=C3NC2=O)CCCC(C4=CC=C(C=C4)F)C5=CC=C(C=C5)F
DB11581,CC1(CCC(=C(C1)C2=CC=C(C=C2)Cl)CN3CCN(CC3)C4=CC(=C(C=C4)C(=O)NS(=O)(=O)C5=CC(=C(C=C5)NCC6CCOCC6)[N+](=O)[O-])OC7=CN=C8C(=C7)C=CN8)C
DB01131,CC(C)N=C(N)/N=C(\N)/NC1=CC=C(C=C1)Cl
DB11963,COC1=C(C=C2C(=C1)N=CN=C2NC3=CC(=C(C=C3)F)Cl)NC(=O)/C=C/CN4CCCCC4
DB00188,B([C@H](CC(C)C)NC(=O)[C@H](CC1=CC=CC=C1)NC(=O)C2=NC=CN=C2)(O)O
DB00330,CC[C@@H](CO)NCCN[C@@H](CC)CO
DB00744,CC(C1=CC2=CC=CC=C2S1)N(C(=O)N)O
DB00224,CC(C)(C)NC(=O)[C@@H]1CN(CCN1C[C@H](C[C@@H](CC2=CC=CC=C2)C(=O)N[C@@H]3[C@@H](CC4=CC=CC=C34)O)O)CC5=CN=CC=C5
DB00238,CC1=C2C(=NC=C1)N(C3=C(C=CC=N3)C(=O)N2)C4CC4
DB00608,CCN(CC)CCCC(C)NC1=C2C=CC(=CC2=NC=C1)Cl
DB00277,CN1C2=C(C(=O)N(C1=O)C)NC=N2
DB11614,CC1=CC(=CN=C1)CN2CCC(=C3C4=C(CCC5=C3N=CC=C5)C=C(C=C4)Cl)CC2
DB08864,CC1=CC(=CC(=C1NC2=NC(=NC=C2)NC3=CC=C(C=C3)C#N)C)/C=C/C#N
DB01601,CC1=C(C(=CC=C1)C)OCC(=O)N[C@@H](CC2=CC=CC=C2)[C@H](C[C@H](CC3=CC=CC=C3)NC(=O)[C@H](C(C)C)N4CCCNC4=O)O
DB04832,CN(C)C/C=C(/C1=CC=C(C=C1)Br)\C2=CN=CC=C2
DB08865,C[C@H](C1=C(C=CC(=C1Cl)F)Cl)OC2=C(N=CC(=C2)C3=CN(N=C3)C4CCNCC4)N
DB01177,C[C@H]1[C@H]([C@H](C[C@@H](O1)O[C@H]2C[C@@](CC3=C2C(=C4C(=C3O)C(=O)C5=CC=CC=C5C4=O)O)(C(=O)C)O)N)O
DB04889,CC1=CC=C(C=C1)C23CC2CNC3
DB00379,CC1=C(C(=CC=C1)C)OCC(C)N
DB09039,CCCCCCCC(=O)N[C@H](CN1CCCC1)[C@@H](C2=CC3=C(C=C2)OCCO3)O
DB00396,CC(=O)[C@H]1CC[C@@H]2[C@@]1(CC[C@H]3[C@H]2CCC4=CC(=O)CC[C@]34C)C
DB00227,CC[C@H](C)C(=O)O[C@H]1C[C@H](C=C2[C@H]1[C@H]([C@H](C=C2)C)CC[C@@H]3C[C@H](CC(=O)O3)O)C
DB00532,CCC1(C(=O)N(C(=O)N1)C)C2=CC=CC=C2
DB00568,C1CN(CCN1CC=CC2=CC=CC=C2)C(C3=CC=CC=C3)C4=CC=CC=C4
DB01058,C1CCC(CC1)C(=O)N2CC3C4=CC=CC=C4CCN3C(=O)C2
DB09238,CC1=C(C(C(=C(N1)C)C(=O)OCCN2CCN(CC2)C(C3=CC=CC=C3)C4=CC=CC=C4)C5=CC(=CC=C5)[N+](=O)[O-])C(=O)OC
DB01166,C1CCC(CC1)N2C(=NN=N2)CCCCOC3=CC4=C(C=C3)NC(=O)CC4
DB00904,CC1=NC=CN1CC2CCC3=C(C2=O)C4=CC=CC=C4N3C
DB09183,CC(C)(C)C1=CC(=CC(=C1OC)C2=CC3=C(C=C2)C=C(C=C3)NS(=O)(=O)C)N4C=CC(=O)NC4=O
DB00176,COCCCC/C(=N\OCCN)/C1=CC=C(C=C1)C(F)(F)F
DB00977,C[C@]12CC[C@H]3[C@H]([C@@H]1CC[C@]2(C#C)O)CCC4=C3C=CC(=C4)O
DB06729,C1=CC=C(C=C1)N2C(=CC=N2)NS(=O)(=O)C3=CC=C(C=C3)N
DB01062,CCN(CC)CC#CCOC(=O)C(C1CCCCC1)(C2=CC=CC=C2)O
DB00250,C1=CC(=CC=C1N)S(=O)(=O)C2=CC=C(C=C2)N
DB01079,CCCCCN=C(N)N/N=C/C1=CNC2=C1C=C(C=C2)OC
DB01012,C[C@H](C1=CC=CC2=CC=CC=C21)NCCCC3=CC(=CC=C3)C(F)(F)F
DB00425,CC1=CC=C(C=C1)C2=C(N3C=C(C=CC3=N2)C)CC(=O)N(C)C
DB01039,CC(C)OC(=O)C(C)(C)OC1=CC=C(C=C1)C(=O)C2=CC=C(C=C2)Cl
DB01191,CCN[C@@H](C)CC1=CC(=CC=C1)C(F)(F)F
DB04871,C[C@H]1CNCCC2=C1C=C(C=C2)Cl
DB06210,CC1=C(C=C(C=C1)N2C(=O)C(=C(N2)C)N=NC3=CC=CC(=C3O)C4=CC(=CC=C4)C(=O)O)C
DB00439,CC(C)C1=C(C(=C(C(=N1)C(C)C)COC)C2=CC=C(C=C2)F)/C=C/[C@H](C[C@H](CC(=O)O)O)O
DB06218,CC(=O)N[C@H](COC)C(=O)NCC1=CC=CC=C1
DB09061,CCCCCC1=CC(=C(C(=C1)O)[C@@H]2C=C(CC[C@H]2C(=C)C)C)O
DB00468,COC1=CC2=C(C=CN=C2C=C1)[C@H]([C@@H]3C[C@@H]4CCN3C[C@@H]4C=C)O
DB00783,C[C@]12CC[C@H]3[C@H]([C@@H]1CC[C@@H]2O)CCC4=C3C=CC(=C4)O
DB01198,CN1CCN(CC1)C(=O)OC2C3=NC=CN=C3C(=O)N2C4=NC=C(C=C4)Cl
DB01242,CN(C)CCCN1C2=CC=CC=C2CCC3=C1C=C(C=C3)Cl
DB04216,C1=CC(=C(C=C1C2=C(C(=O)C3=C(C=C(C=C3O2)O)O)O)O)O
DB00731,CC(C)C1CCC(CC1)C(=O)N[C@H](CC2=CC=CC=C2)C(=O)O
DB06803,C1=CC(=C(C=C1[N+](=O)[O-])Cl)NC(=O)C2=C(C=CC(=C2)Cl)O
DB00862,CCCC1=NC(=C2N1N=C(NC2=O)C3=C(C=CC(=C3)S(=O)(=O)N4CCN(CC4)CC)OCC)C
DB00969,CC1=C(N=CN1)CN2CCC3=C(C2=O)C4=CC=CC=C4N3C
DB01628,CC1=NC=C(C=C1)C2=C(C=C(C=N2)Cl)C3=CC=C(C=C3)S(=O)(=O)C
DB00317,COC1=C(C=C2C(=C1)N=CN=C2NC3=CC(=C(C=C3)F)Cl)OCCCN4CCOCC4
DB06739,CC1=C(C(=O)C(=C(C1=O)C)C(CCCCCC(=O)O)C2=CC=CC=C2)C
DB09198,CN(CCOC1=CC=C(C=C1)CC2C(=O)NC(=O)S2)C3=CC(=NC=N3)OC4=CC=C(C=C4)OC
DB00482,CC1=CC=C(C=C1)C2=CC(=NN2C3=CC=C(C=C3)S(=O)(=O)N)C(F)(F)F
DB00983,CC(CC1=CC=C(C=C1)OC)NCC(C2=CC(=C(C=C2)O)NC=O)O
DB01098,CC(C)C1=NC(=NC(=C1/C=C/[C@H](C[C@H](CC(=O)O)O)O)C2=CC=C(C=C2)F)N(C)S(=O)(=O)C
DB09288,CCN(CC)CC(=O)OC1=CC=C(C=C1)NC(=O)C
DB11979,CC1=C(C(=O)N(C(=O)N1CC2=C(C=CC=C2F)C(F)(F)F)C[C@@H](C3=CC=CC=C3)NCCCC(=O)O)C4=C(C(=CC=C4)OC)F
DB06700,CN(C)CC(C1=CC=C(C=C1)O)C2(CCCCC2)O
DB09167,CN(C)CC/C=C/1\C2=CC=CC=C2CSC3=CC=CC=C31
DB04896,CCN(CC)C(=O)C1(CC1CN)C2=CC=CC=C2
DB06626,CNC(=O)C1=CC=CC=C1SC2=CC3=C(C=C2)C(=NN3)/C=C/C4=CC=CC=N4
DB01037,C[C@H](CC1=CC=CC=C1)N(C)CC#C
DB04856,CCCCCN(CCCOC)C(=O)[C@@H](CCC(=O)O)NC(=O)C1=CC(=C(C=C1)Cl)Cl
DB04574,C[C@]12CC[C@H]3[C@H]([C@@H]1CCC2=O)CCC4=C3C=CC(=C4)OS(=O)(=O)O
DB00586,C1=CC=C(C(=C1)CC(=O)O)NC2=C(C=CC=C2Cl)Cl
DB00471,CC(C)(C1=CC=CC=C1CC[C@H](C2=CC=CC(=C2)/C=C/C3=NC4=C(C=CC(=C4)Cl)C=C3)SCC5(CC5)CC(=O)O)O
DB00818,CC(C)C1=C(C(=CC=C1)C(C)C)O
DB11718,C[C@@H](CNC1=NC=CC(=N1)C2=CN(N=C2C3=C(C(=CC(=C3)Cl)NS(=O)(=O)C)F)C(C)C)NC(=O)OC
DB01076,CC(C)C1=C(C(=C(N1CC[C@H](C[C@H](CC(=O)O)O)O)C2=CC=C(C=C2)F)C3=CC=CC=C3)C(=O)NC4=CC=CC=C4
DB08875,COC1=CC2=C(C=CN=C2C=C1OC)OC3=CC=C(C=C3)NC(=O)C4(CC4)C(=O)NC5=CC=C(C=C5)F
DB00444,COC1=CC(=CC(=C1O)OC)[C@H]2[C@@H]3[C@H](COC3=O)[C@@H](C4=CC5=C(C=C24)OCO5)O[C@H]6[C@@H]([C@H]([C@H]7[C@H](O6)CO[C@H](O7)C8=CC=CS8)O)O
DB01259,CS(=O)(=O)CCNCC1=CC=C(O1)C2=CC3=C(C=C2)N=CN=C3NC4=CC(=C(C=C4)OCC5=CC(=CC=C5)F)Cl
DB00531,C1CNP(=O)(OC1)N(CCCl)CCCl
DB04911,C[C@H]1[C@@H]([C@@](C[C@@H](O1)O[C@H]2[C@H]3C(=O)N[C@@H](C4=C(C(=CC(=C4)O)O)C5=C(C=CC(=C5)[C@H](C(=O)N3)NC(=O)[C@H]6C7=CC(=C(C(=C7)OC8=C(C=C2C=C8)Cl)O[C@H]9[C@@H]([C@H]([C@@H]([C@H](O9)CO)O)O)O[C@H]1C[C@]([C@H]([C@@H](O1)C)O)(C)NCC1=CC=C(C=C1)C1=CC=C(C=C1)Cl)OC1=C(C=C(C=C1)[C@H]([C@H](C(=O)N[C@H](C(=O)N6)CC(=O)N)NC(=O)[C@@H](CC(C)C)NC)O)Cl)O)C(=O)O)(C)N)O
DB00477,CN(C)CCCN1C2=CC=CC=C2SC3=C1C=C(C=C3)Cl
DB00316,CC(=O)NC1=CC=C(C=C1)O
DB12005,CCC[C@@H](C(=O)NC1=CN(C=N1)C(C)(C)CNCC(C)(C)C)N[C@H]2CCC3=C(C2)C(=CC(=C3)F)F
DB00496,C1CN(C[C@@H]1C(C2=CC=CC=C2)(C3=CC=CC=C3)C(=O)N)CCC4=CC5=C(C=C4)OCC5
DB01136,COC1=CC=CC=C1OCCNCC(COC2=CC=CC3=C2C4=CC=CC=C4N3)O
DB06287,C[C@@H]1CCC2C[C@@H](/C(=C/C=C/C=C/[C@H](C[C@H](C(=O)[C@@H]([C@@H](/C(=C/[C@H](C(=O)C[C@H](OC(=O)[C@@H]3CCCCN3C(=O)C(=O)[C@@]1(O2)O)[C@H](C)C[C@@H]4CC[C@H]([C@@H](C4)OC)OC(=O)C(C)(CO)CO)C)/C)O)OC)C)C)/C)OC
DB01028,COC(C(Cl)Cl)(F)F
DB00499,CC(C)C(=O)NC1=CC(=C(C=C1)[N+](=O)[O-])C(F)(F)F
DB01544,CN1C(=O)CN=C(C2=C1C=CC(=C2)[N+](=O)[O-])C3=CC=CC=C3F
DB06605,COC1=CC=C(C=C1)N2C3=C(CCN(C3=O)C4=CC=C(C=C4)N5CCCCC5=O)C(=N2)C(=O)N
DB00549,CC1=CC=CC=C1S(=O)(=O)NC(=O)C2=CC(=C(C=C2)CC3=CN(C4=C3C=C(C=C4)NC(=O)OC5CCCC5)C)OC
DB00193,CN(C)C[C@H]1CCCC[C@@]1(C2=CC(=CC=C2)OC)O
DB01645,C1=CC(=CC=C1C2=COC3=CC(=CC(=C3C2=O)O)O)O
DB00752,C1C(C1N)C2=CC=CC=C2
DB04946,CC(=O)C1=CC(=C(C=C1)OCCCN2CCC(CC2)C3=NOC4=C3C=CC(=C4)F)OC
DB00356,C1=CC2=C(C=C1Cl)NC(=O)O2
DB11915,CC(C)C[C@@H]1CN2CCC3=CC(=C(C=C3[C@H]2C[C@H]1OC(=O)[C@H](C(C)C)N)OC)OC
DB08922,C1CC[C@H]2[C@@H](C1)C(=O)N(C2=O)CCCCN3CCN(CC3)C4=NSC5=CC=CC=C54
DB11995,C1CCC(CC1)N2CCN(CC2)C3=C(N=C(S3)NC(=O)C4=CC(=C(N=C4)N5CCC(CC5)C(=O)O)Cl)C6=CC(=CS6)Cl
DB01254,CC1=C(C(=CC=C1)Cl)NC(=O)C2=CN=C(S2)NC3=CC(=NC(=N3)C)N4CCN(CC4)CCO
DB00370,CN1CCN2C(C1)C3=CC=CC=C3CC4=C2N=CC=C4
DB01036,CC1=CC(=C(C=C1)O)[C@H](CCN(C(C)C)C(C)C)C2=CC=CC=C2
DB01173,CC1=CC=CC=C1C(C2=CC=CC=C2)OCCN(C)C
DB00476,CNCC[C@@H](C1=CC=CS1)OC2=CC=CC3=CC=CC=C32
DB00726,CC(CN1C2=CC=CC=C2CCC3=CC=CC=C31)CN(C)C
DB04920,CCCC(=O)OCOC(=O)C1=C(NC(=C(C1C2=C(C(=CC=C2)Cl)Cl)C(=O)OC)C)C
DB01274,C[C@H](CC1=CC=C(C=C1)OC)NC[C@@H](C2=CC(=C(C=C2)O)NC=O)O
DB04841,C1CN(CCN1C/C=C/C2=CC=CC=C2)C(C3=CC=C(C=C3)F)C4=CC=C(C=C4)F
DB09071,CCC(=O)NC[C@@H]1C[C@H]1C2=C3CCOC3=CC=C2
DB06603,CC1=C(C2=CC=CC=C2N1)CCNCC3=CC=C(C=C3)/C=C/C(=O)NO
DB00773,C[C@@H]1OC[C@@H]2[C@@H](O1)[C@@H]([C@H]([C@@H](O2)O[C@H]3[C@H]4COC(=O)[C@@H]4[C@@H](C5=CC6=C(C=C35)OCO6)C7=CC(=C(C(=C7)OC)O)OC)O)O
DB09173,CCCC(=O)N(C1CCN(CC1)CCC2=CC=CC=C2)C3=CC=CC=C3
DB00863,CNC(=C[N+](=O)[O-])NCCSCC1=CC=C(O1)CN(C)C
DB00361,CCC1=C[C@H]2C[C@@](C3=C(CN(C2)C1)C4=CC=CC=C4N3)(C5=C(C=C6C(=C5)[C@]78CCN9[C@H]7[C@@](C=CC9)([C@H]([C@@]([C@@H]8N6C)(C(=O)OC)O)OC(=O)C)CC)OC)C(=O)OC
DB06738,CCC(=O)C1(CCN(CC1)C)C2=CC(=CC=C2)O
DB01104,CN[C@H]1CC[C@H](C2=CC=CC=C12)C3=CC(=C(C=C3)Cl)Cl
DB00270,CC1=C(C(C(=C(N1)C)C(=O)OC(C)C)C2=CC=CC3=NON=C32)C(=O)OC
DB00717,C[C@]12CC[C@H]3[C@H]([C@@H]1CC[C@]2(C#C)O)CCC4=CC(=O)CC[C@H]34
DB01611,CCN(CCCC(C)NC1=C2C=CC(=CC2=NC=C1)Cl)CCO
DB00788,C[C@@H](C1=CC2=C(C=C1)C=C(C=C2)OC)C(=O)O
DB01074,C1CCC(CC1)C(CC2CCCCN2)C3CCCCC3
DB00216,CN1CCC[C@@H]1CC2=CNC3=C2C=C(C=C3)CCS(=O)(=O)C4=CC=CC=C4
DB00843,COC1=C(C=C2C(=C1)CC(C2=O)CC3CCN(CC3)CC4=CC=CC=C4)OC
DB00208,C1CN(CC2=C1SC=C2)CC3=CC=CC=C3Cl
DB01410,CC(C)C(=O)OCC(=O)[C@@]12[C@@H](C[C@@H]3[C@@]1(C[C@@H]([C@H]4[C@H]3CCC5=CC(=O)C=C[C@]45C)O)C)O[C@H](O2)C6CCCCC6
DB09555,CN(C)CC[C@@H](C1=CC=C(C=C1)Cl)C2=CC=CC=N2.C(=C\C(=O)O)\C(=O)O
DB00784,CC1=C(C(=CC=C1)NC2=CC=CC=C2C(=O)O)C
DB00220,CC1=C(C=CC=C1O)C(=O)N[C@@H](CSC2=CC=CC=C2)[C@@H](CN3C[C@H]4CCCC[C@H]4C[C@H]3C(=O)NC(C)(C)C)O
DB05812,C[C@]12CC[C@@H](CC1=CC[C@@H]3[C@@H]2CC[C@]4([C@H]3CC=C4C5=CN=CC=C5)C)O
DB01223,CN1C2=C(C(=O)N(C1=O)C)NC=N2.CN1C2=C(C(=O)N(C1=O)C)NC=N2.C(CN)N
DB00908,COC1=CC2=C(C=CN=C2C=C1)[C@@H]([C@H]3C[C@@H]4CCN3C[C@@H]4C=C)O
DB12026,CC[C@@H]1[C@@H]2CN([C@@H]1C(=O)N[C@@]3(C[C@H]3C(F)F)C(=O)NS(=O)(=O)C4(CC4)C)C(=O)[C@@H](NC(=O)O[C@@H]5C[C@H]5CCCCC(C6=NC7=C(C=C(C=C7)OC)N=C6O2)(F)F)C(C)(C)C
DB00918,CN(C)CCC1=CNC2=C1C=C(C=C2)CS(=O)(=O)N3CCCC3
DB00518,CCCSC1=CC2=C(C=C1)N=C(N2)NC(=O)OC
DB01181,C1CN(P(=O)(OC1)NCCCl)CCCl
DB00617,CCC1(C(=O)N(C(=O)O1)C)C
DB00575,C1CN=C(N1)NC2=C(C=CC=C2Cl)Cl
DB00619,CC1=C(C=C(C=C1)NC(=O)C2=CC=C(C=C2)CN3CCN(CC3)C)NC4=NC=CC(=N4)C5=CN=CC=C5
DB00440,COC1=CC(=CC(=C1OC)OC)CC2=CN=C(N=C2N)N
DB00169,C[C@H](CCCC(C)C)[C@H]1CC[C@@H]\2[C@@]1(CCC/C2=C\C=C/3\C[C@H](CCC3=C)O)C
DB00334,CC1=CC2=C(S1)NC3=CC=CC=C3N=C2N4CCN(CC4)C
DB00738,C1=CC(=CC=C1C(=N)N)OCCCCCOC2=CC=C(C=C2)C(=N)N
DB06148,CN1CCN2C(C1)C3=CC=CC=C3CC4=CC=CC=C42
DB06414,CC1=CC(=CC(=C1OC2=NC(=NC(=C2Br)N)NC3=CC=C(C=C3)C#N)C)C#N
DB01142,CN(C)CC/C=C\1/C2=CC=CC=C2COC3=CC=CC=C31
DB00571,CC(C)NCC(COC1=CC=CC2=CC=CC=C21)O
DB06268,CC1=CC2=C(C=C1CC(=O)C3=C(C=CS3)S(=O)(=O)NC4=C(C(=NO4)C)Cl)OCO2
DB09291,C[C@H](C1=CC(=CC(=C1)C(F)(F)F)C(F)(F)F)OC[C@]2(CC[C@]3(CCC(=O)N3)CN2)C4=CC=CC=C4
DB01685,C1=CN=CC=C1C2=NC(=NN2)C3=CC(=NC=C3)C#N
DB01114,CN(C)CCC(C1=CC=C(C=C1)Cl)C2=CC=CC=N2
DB00412,CN(CCOC1=CC=C(C=C1)CC2C(=O)NC(=O)S2)C3=CC=CC=N3
DB01590,C[C@@H]1CC[C@H]2C[C@@H](/C(=C/C=C/C=C/[C@H](C[C@H](C(=O)[C@@H]([C@@H](/C(=C/[C@H](C(=O)C[C@H](OC(=O)[C@@H]3CCCCN3C(=O)C(=O)[C@@]1(O2)O)[C@H](C)C[C@@H]4CC[C@H]([C@@H](C4)OC)OCCO)C)/C)O)OC)C)C)/C)OC
DB06702,CC(C)C(=O)OC1=C(C=C(C=C1)CO)[C@H](CCN(C(C)C)C(C)C)C2=CC=CC=C2
DB00185,CC1O[C@]2(CN3CCC2CC3)CS1
DB01388,CC(C)[C@H]1C2=C(CC[C@@]1(CCN(C)CCCC3=NC4=CC=CC=C4N3)OC(=O)COC)C=C(C=C2)F
DB03756,CC/C=C\C/C=C\C/C=C\C/C=C\C/C=C\C/C=C\CCC(=O)O
DB01357,C[C@]12CC[C@H]3[C@H]([C@@H]1CC[C@]2(C#C)O)CCC4=C3C=CC(=C4)OC
DB04557,CCCCC/C=C\C/C=C\C/C=C\C/C=C\CCCC(=O)O
DB00333,CCC(=O)C(CC(C)N(C)C)(C1=CC=CC=C1)C2=CC=CC=C2
DB00533,CS(=O)(=O)C1=CC=C(C=C1)C2=C(C(=O)OC2)C3=CC=CC=C3
DB01624,C1CN(CCN1CC/C=C\2/C3=CC=CC=C3SC4=C2C=C(C=C4)Cl)CCO
DB00598,CC(CCC1=CC=CC=C1)NCC(C2=CC(=C(C=C2)O)C(=O)N)O
DB01075,CN(C)CCOC(C1=CC=CC=C1)C2=CC=CC=C2
DB01238,C1CC(=O)NC2=C1C=CC(=C2)OCCCCN3CCN(CC3)C4=C(C(=CC=C4)Cl)Cl
DB00307,CC1=CC2=C(C=C1C(=C)C3=CC=C(C=C3)C(=O)O)C(CCC2(C)C)(C)C
DB01086,CCOC(=O)C1=CC=C(C=C1)N
DB11886,CCN1CCN(CC1)C2=CC=C(C=C2)NC3=CC(=NC=N3)N(C)C(=O)NC4=C(C(=CC(=C4Cl)OC)OC)Cl
DB04884,CN(C)[C@@H](CCOC1=CC=CC2=CC=CC=C21)C3=CC=CC=C3
DB00574,CCNC(C)CC1=CC(=CC=C1)C(F)(F)F
DB01221,CNC1(CCCCC1=O)C2=CC=CC=C2Cl
DB01029,CCCCC1=NC2(CCCC2)C(=O)N1CC3=CC=C(C=C3)C4=CC=CC=C4C5=NNN=N5
DB00946,CCC(C1=CC=CC=C1)C2=C(C3=CC=CC=C3OC2=O)O
DB09241,CN(C)C1=CC2=C(C=C1)N=C3C=CC(=[N+](C)C)C=C3S2.[Cl-]
DB00678,CCCCC1=NC(=C(N1CC2=CC=C(C=C2)C3=CC=CC=C3C4=NNN=N4)CO)Cl
DB08816,CCCSC1=NC(=C2C(=N1)N(N=N2)[C@@H]3C[C@@H]([C@H]([C@H]3O)O)OCCO)N[C@@H]4C[C@H]4C5=CC(=C(C=C5)F)F
DB12161,[2H]C([2H])([2H])OC1=C(C=C2[C@@H]3CC(=O)[C@H](CN3CCC2=C1)CC(C)C)OC([2H])([2H])[2H]
DB09063,CC1=CC(=C(C=C1C2CCNCC2)OC(C)C)NC3=NC=C(C(=N3)NC4=CC=CC=C4S(=O)(=O)C(C)C)Cl
DB08896,CNC(=O)C1=NC=CC(=C1)OC2=CC(=C(C=C2)NC(=O)NC3=CC(=C(C=C3)Cl)C(F)(F)F)F
DB00195,CC(C)NCC(COC1=CC=C(C=C1)CCOCC2CC2)O
DB01409,C[N+]1([C@@H]2CC(C[C@H]1[C@H]3[C@@H]2O3)OC(=O)C(C4=CC=CS4)(C5=CC=CS5)O)C
DB01035,CCN(CC)CCNC(=O)C1=CC=C(C=C1)N
DB00570,CC[C@@]1(C[C@H]2C[C@@](C3=C(CCN(C2)C1)C4=CC=CC=C4N3)(C5=C(C=C6C(=C5)[C@]78CCN9[C@H]7[C@@](C=CC9)([C@H]([C@@]([C@@H]8N6C)(C(=O)OC)O)OC(=O)C)CC)OC)C(=O)OC)O
DB09195,C1C[C@H]2CN3C(=NN=C3[C@H]2C1)CCN4CCN(CC4)C5=CC=CC(=C5)C(F)(F)F
DB08860,C1CC1C2=NC3=CC=CC=C3C(=C2/C=C/[C@H](C[C@H](CC(=O)O)O)O)C4=CC=C(C=C4)F
DB00850,C1CN(CCN1CCCN2C3=CC=CC=C3SC4=C2C=C(C=C4)Cl)CCO
DB01411,C1=CC=C(C=C1)CCCCOC2=CC=C(C=C2)C(=O)NC3=CC=CC4=C3OC(=CC4=O)C5=NNN=N5
DB01050,CC(C)CC1=CC=C(C=C1)C(C)C(=O)O
DB01069,CC(CN1C2=CC=CC=C2SC3=CC=CC=C31)N(C)C
DB04861,C1CC2=C(C=CC(=C2)F)OC1C(CNCC(C3CCC4=C(O3)C=CC(=C4)F)O)O
DB12147,CC(C)NCCN(C1=CC2=NC(=CN=C2C=C1)C3=CN(N=C3)C)C4=CC(=CC(=C4)OC)OC
DB00255,CC/C(=C(/CC)\C1=CC=C(C=C1)O)/C2=CC=C(C=C2)O
DB00264,CC(C)NCC(COC1=CC=C(C=C1)CCOC)O
DB00674,CN1CC[C@@]23C=C[C@@H](C[C@@H]2OC4=C(C=CC(=C34)C1)OC)O
DB06594,CC(=O)NCCC1=CC=CC2=C1C=C(C=C2)OC
DB00215,CN(C)CCCC1(C2=C(CO1)C=C(C=C2)C#N)C3=CC=C(C=C3)F
DB01117,C1CC(CCC1C2=CC=C(C=C2)Cl)C3=C(C4=CC=CC=C4C(=O)C3=O)O
DB00745,C1=CC=C(C=C1)C(C2=CC=CC=C2)S(=O)CC(=O)N
DB00495,CC1=CN(C(=O)NC1=O)[C@H]2C[C@@H]([C@H](O2)CO)N=[N+]=[N-]
DB00490,C1CCC2(C1)CC(=O)N(C(=O)C2)CCCCN3CCN(CC3)C4=NC=CC=N4
DB00627,C1=CC(=CN=C1)C(=O)O
DB00347,CC1(C(=O)N(C(=O)O1)C)C
DB04725,CC1(CC2=C(C(=C(N2C1)CC(=O)O)C3=CC=C(C=C3)Cl)C4=CC=CC=C4)C
DB01418,CC(=O)CC(C1=CC=C(C=C1)[N+](=O)[O-])C2=C(C3=CC=CC=C3OC2=O)O
DB00679,CN1CCCCC1CCN2C3=CC=CC=C3SC4=C2C=C(C=C4)SC
DB11967,CN1C=NC2=C1C=C(C(=C2F)NC3=C(C=C(C=C3)Br)F)C(=O)NOCCO
DB00489,CC(C)NCC(C1=CC=C(C=C1)NS(=O)(=O)C)O
DB00796,CCOC1=NC2=CC=CC(=C2N1CC3=CC=C(C=C3)C4=CC=CC=C4C5=NNN=N5)C(=O)OC(C)OC(=O)OC6CCCCC6
DB00486,CCCCCCC(C)(C)C1=CC(=C2[C@@H]3CC(=O)CC[C@H]3C(OC2=C1)(C)C)O
DB04840,C1CN(CC2=CC=CC=C21)C(=N)N
DB06203,CN1C(=O)C=C(N(C1=O)CC2=CC=CC=C2C#N)N3CCC[C@H](C3)N
DB00934,CNCCCC12CCC(C3=CC=CC=C31)C4=CC=CC=C24
DB09079,CN1CCN(CC1)CC(=O)N(C)C2=CC=C(C=C2)N=C(C3=CC=CC=C3)C4=C(NC5=C4C=CC(=C5)C(=O)OC)O
DB00706,CCOC1=CC=CC=C1OCCN[C@H](C)CC2=CC(=C(C=C2)OC)S(=O)(=O)N
DB01096,CC(C)NCC1CCC2=CC(=C(C=C2N1)[N+](=O)[O-])CO
DB00214,CC1=CC(=CC=C1)NC2=C(C=NC=C2)S(=O)(=O)NC(=O)NC(C)C
DB00714,CN1CCC2=C3[C@H]1CC4=C(C3=CC=C2)C(=C(C=C4)O)O
DB00792,CN(C)CCN(CC1=CC=CC=C1)C2=CC=CC=N2
DB00252,C1=CC=C(C=C1)C2(C(=O)NC(=O)N2)C3=CC=CC=C3
DB00914,C1=CC=C(C=C1)CCN=C(N)N=C(N)N
DB11855,CN(CCN1CCC(CC1)OC(=O)NC2=CC=CC=C2C3=CC=CC=C3)C(=O)C4=CC=C(C=C4)CN5CCC(CC5)C(=O)N
DB00454,CCOC(=O)C1(CCN(CC1)C)C2=CC=CC=C2
DB12267,CN1CCN(CC1)C2CCN(CC2)C3=CC(=C(C=C3)NC4=NC=C(C(=N4)NC5=CC=CC=C5P(=O)(C)C)Cl)OC
DB01591,C1CN2CCC1[C@H](C2)OC(=O)N3CCC4=CC=CC=C4[C@@H]3C5=CC=CC=C5
DB06144,C1CN(CCC1C2=CN(C3=C2C=C(C=C3)Cl)C4=CC=C(C=C4)F)CCN5CCNC5=O
DB00363,CN1CCN(CC1)C2=NC3=C(C=CC(=C3)Cl)NC4=CC=CC=C42
DB00381,CCOC(=O)C1=C(NC(=C(C1C2=CC=CC=C2Cl)C(=O)OC)C)COCCN
DB00543,C1CN(CCN1)C2=NC3=CC=CC=C3OC4=C2C=C(C=C4)Cl
DB11952,C[C@@H](C1=CC2=C(C(=CC=C2)Cl)C(=O)N1C3=CC=CC=C3)NC4=NC=NC5=C4NC=N5
DB12483,COC1=C(C=CC2=C3NCCN3C(=NC(=O)C4=CN=C(N=C4)N)N=C21)OCCCN5CCOCC5
DB09213,C[C@@H](C1=CC=C(C=C1)CC(C)C)C(=O)O
DB00289,CC1=CC=CC=C1O[C@H](CCNC)C2=CC=CC=C2
DB01233,CCN(CC)CCNC(=O)C1=CC(=C(C=C1OC)N)Cl
DB00472,CNCCC(C1=CC=CC=C1)OC2=CC=C(C=C2)C(F)(F)F
DB12887,CCN(C1CCOCC1)C2=CC(=CC(=C2C)C(=O)NCC3=C(C=C(NC3=O)C)C)C4=CC=C(C=C4)CN5CCOCC5
DB12319,CCC1=C(C2=CC=CC=C2O1)C(=O)C3=CC(=C(C(=C3)Br)O)Br
DB00374,CCCCC[C@@H](CC[C@H]1[C@@H](C[C@H]2[C@@H]1CC3=C(C2)C(=CC=C3)OCC(=O)O)O)O
DB00177,CCCCC(=O)N(CC1=CC=C(C=C1)C2=CC=CC=C2C3=NNN=N3)[C@@H](C(C)C)C(=O)O
DB01171,C1COCCN1CCNC(=O)C2=CC=C(C=C2)Cl
DB01228,CN1CCCCC1CCC2=CC=CC=C2NC(=O)C3=CC=C(C=C3)OC
DB00465,C1CN2C(=CC=C2C(=O)C3=CC=CC=C3)C1C(=O)O
DB01268,CCN(CC)CCNC(=O)C1=C(NC(=C1C)/C=C\2/C3=C(C=CC(=C3)F)NC2=O)C
DB05271,CCCN(CCC1=CC=CS1)[C@H]2CCC3=C(C2)C=CC=C3O
DB01248,CC1=C2[C@H](C(=O)[C@@]3([C@H](C[C@@H]4[C@]([C@H]3[C@@H]([C@@](C2(C)C)(C[C@@H]1OC(=O)[C@@H]([C@H](C5=CC=CC=C5)NC(=O)OC(C)(C)C)O)O)OC(=O)C6=CC=CC=C6)(CO4)OC(=O)C)O)C)O
DB00304,CC[C@]12CC(=C)[C@H]3[C@H]([C@@H]1CC[C@]2(C#C)O)CCC4=CCCC[C@H]34
DB11613,C[C@H]1CC[C@H](N1C(=O)[C@H](C(C)C)NC(=O)OC)C2=NC3=C(N2)C=CC4=CC5=C(C=C43)OCC6=C5C=CC(=C6)C7=CN=C(N7)[C@@H]8C[C@@H](CN8C(=O)[C@@H](C9=CC=CC=C9)NC(=O)OC)COC
DB12371,CCC1=C(C=CC(=C1)/C(=N/OCC2=CC(=C(C=C2)C3CCCCC3)C(F)(F)F)/C)CN4CC(C4)C(=O)O
DB06726,CCC1=CC=CC2=C1OC(=C2)C(CNC(C)(C)C)O
DB01192,CN1CC[C@]23[C@@H]4C(=O)CC[C@]2([C@H]1CC5=C3C(=C(C=C5)O)O4)O
DB00554,CN1C(=C(C2=CC=CC=C2S1(=O)=O)O)C(=O)NC3=CC=CC=N3
DB08807,CC1=CC2=C(N1)C=CC=C2OCC(CNC(C)(C)C)OC(=O)C3=CC=CC=C3
DB04844,CC(C)CC1CN2CCC3=CC(=C(C=C3C2CC1=O)OC)OC
DB00762,CCC1=C2CN3C(=CC4=C(C3=O)COC(=O)[C@@]4(CC)O)C2=NC5=C1C=C(C=C5)OC(=O)N6CCC(CC6)N7CCCCC7
DB01395,C[C@]12CCC(=O)C=C1[C@@H]3C[C@@H]3[C@@H]4[C@@H]2CC[C@]5([C@H]4[C@@H]6C[C@@H]6[C@@]57CCC(=O)O7)C
DB06730,CC[C@]12CC[C@H]3[C@H]([C@@H]1C=C[C@]2(C#C)O)CCC4=CC(=O)CC[C@H]34
DB08877,C1CCC(C1)[C@@H](CC#N)N2C=C(C=N2)C3=C4C=CNC4=NC=N3
DB09128,C1CN(CCN1CCCCOC2=CC3=C(C=C2)C=CC(=O)N3)C4=C5C=CSC5=CC=C4
DB00712,CC(C1=CC(=C(C=C1)C2=CC=CC=C2)F)C(=O)O
DB08995,C[C@H]1[C@@H]([C@H]([C@H]([C@@H](O1)OC[C@@H]2[C@H]([C@@H]([C@H]([C@@H](O2)OC3=CC(=C4C(=C3)OC(=CC4=O)C5=CC(=C(C=C5)OC)O)O)O)O)O)O)O)O
DB00377,C1C[C@@H]2CN(C(=O)C3=CC=CC(=C23)C1)[C@@H]4CN5CCC4CC5
DB00503,CC(C)C1=NC(=CS1)CN(C)C(=O)N[C@@H](C(C)C)C(=O)N[C@@H](CC2=CC=CC=C2)C[C@@H]([C@H](CC3=CC=CC=C3)NC(=O)OCC4=CN=CS4)O
DB00751,C1C2C3=CC=CC=C3CC4=CC=CC=C4N2C(=N1)N
DB01190,CCC[C@@H]1C[C@H](N(C1)C)C(=O)NC([C@@H]2[C@@H]([C@@H]([C@H]([C@H](O2)SC)O)O)O)C(C)Cl
DB01303,CN1C(=C2C(=NC=N2)N(C1=O)C)[O-].C[N+](C)(C)CCO
DB04076,C1=NC2=C(N1)C(=O)NC=N2
DB04356,C1=CNC2=C1N=C(NC2=O)N
DB02489,CN1C=NC2=C1N=C(NC2=O)N
DB00201,CN1C=NC2=C1C(=O)N(C(=O)N2C)C
DB02134,C1=NC2=C(N1)C(=O)NC(=O)N2
DB05541,CCC[C@@H]1CC(=O)N(C1)[C@@H](CC)C(=O)N
DB12301,CN1C(=NNC1=O)CN2C=CC(=C(C2=O)OC3=CC(=CC(=C3)C#N)Cl)C(F)(F)F
DB00409,CCN1CCC[C@H]1CNC(=O)C2=C(C=CC(=C2OC)Br)OC
DB01667,C12=NNN=C1N=C(NC2=O)N
DB00810,C1CCN(CC1)CCC(C2CC3CC2C=C3)(C4=CC=CC=C4)O
DB08881,CCCS(=O)(=O)NC1=C(C(=C(C=C1)F)C(=O)C2=CNC3=C2C=C(C=N3)C4=CC=C(C=C4)Cl)F
DB00699,CN1C[C@@H](C[C@]2([C@H]1CC3=CN(C4=CC=CC2=C34)C)OC)COC(=O)C5=CC(=CN=C5)Br
DB00209,C1CC[N+]2(C1)[C@@H]3CC[C@H]2CC(C3)OC(=O)C(C4=CC=CC=C4)(C5=CC=CC=C5)O
DB05708,COC1=CC(=C(C=C1)/C=C/2\CCCN=C2C3=CN=CC=C3)OC
DB01103,CCN(CC)CCCC(C)NC1=C2C=C(C=CC2=NC3=C1C=CC(=C3)Cl)OC
DB08895,C[C@@H]1CCN(C[C@@H]1N(C)C2=NC=NC3=C2C=CN3)C(=O)CC#N
DB00621,C[C@]12CC[C@H]3[C@H]([C@@H]1CC[C@]2(C)O)CC[C@@H]4[C@@]3(COC(=O)C4)C
DB00734,CC1=C(C(=O)N2CCCCC2=N1)CCN3CCC(CC3)C4=NOC5=C4C=CC(=C5)F
DB09297,CC1=CN=C(C=N1)C(=O)N[C@H]2CCCCC/C=C\[C@@H]3C[C@]3(NC(=O)[C@@H]4C[C@H](CN4C2=O)OC5=NC6=CC=CC=C6C7=CC=CC=C75)C(=O)NS(=O)(=O)C8CC8
DB01097,CC1=C(C=NO1)C(=O)NC2=CC=C(C=C2)C(F)(F)F
DB00580,CC1=C(C(=NO1)C2=CC=CC=C2)C3=CC=C(C=C3)S(=O)(=O)N
DB00730,C1=CC=C2C(=C1)NC(=N2)C3=CSC=N3
DB12235,C[C@]12CC[C@H]3[C@H]([C@@H]1[C@H]([C@H]([C@@H]2O)O)O)CCC4=C3C=CC(=C4)O
DB01392,COC(=O)[C@H]1[C@H](CC[C@@H]2[C@@H]1C[C@H]3C4=C(CCN3C2)C5=CC=CC=C5N4)O
DB00757,C1[C@@H]2CC(C[C@H]3N2CC(=O)C1C3)OC(=O)C4=CNC5=CC=CC=C54
DB00949,C1=CC=C(C=C1)C(COC(=O)N)COC(=O)N
DB00737,CC1=CC(=CC=C1)CN2CCN(CC2)C(C3=CC=CC=C3)C4=CC=C(C=C4)Cl
DB00877,C[C@@H]1CC[C@H]2C[C@@H](/C(=C/C=C/C=C/[C@H](C[C@H](C(=O)[C@@H]([C@@H](/C(=C/[C@H](C(=O)C[C@H](OC(=O)[C@@H]3CCCCN3C(=O)C(=O)[C@@]1(O2)O)[C@H](C)C[C@@H]4CC[C@H]([C@@H](C4)OC)O)C)/C)O)OC)C)C)/C)OC
DB01621,CN(C)S(=O)(=O)C1=CC2=C(C=C1)SC3=CC=CC=C3N2CCCN4CCC(CC4)CCO
DB04898,CCOC(=O)CN[C@H](C1CCCCC1)C(=O)N2CC[C@H]2C(=O)NCC3=CC=C(C=C3)/C(=N/O)/N
DB00993,CN1C=NC(=C1SC2=NC=NC3=C2NC=N3)[N+](=O)[O-]
DB01355,CC1(C(=O)NC(=O)N(C1=O)C)C2=CCCCC2
DB09225,CN(C)CCOC1=CC2=CC=CC=C2SC3=C1C=C(C=C3)Cl
DB01320,C1=CC=C(C=C1)C2(C(=O)N(C(=O)N2)COP(=O)(O)O)C3=CC=CC=C3
DB11823,CN[C@@]1(CCCCC1=O)C2=CC=CC=C2Cl
DB08439,CCC(=O)NS(=O)(=O)C1=CC=C(C=C1)C2=C(ON=C2C3=CC=CC=C3)C
DB00603,C[C@H]1C[C@@H]2[C@H](CC[C@]3([C@H]2CC[C@@]3(C(=O)C)OC(=O)C)C)[C@@]4(C1=CC(=O)CC4)C
DB08798,CC1=C(OC(=N1)NS(=O)(=O)C2=CC=C(C=C2)N)C
DB01193,CCCC(=O)NC1=CC(=C(C=C1)OCC(CNC(C)C)O)C(=O)C
DB00668,CNC[C@@H](C1=CC(=C(C=C1)O)O)O
DB07615,COC1=C(C=C(C=C1)/C=C/C(=O)NC2=CC=CC=C2C(=O)O)OC
DB00382,C1CCC2=NC3=CC=CC=C3C(=C2C1)N
DB01094,COC1=C(C=C(C=C1)[C@@H]2CC(=O)C3=C(C=C(C=C3O2)O)O)O
DB00402,CN1CCN(CC1)C(=O)O[C@H]2C3=NC=CN=C3C(=O)N2C4=NC=C(C=C4)Cl
DB00234,CCOC1=CC=CC=C1O[C@@H]([C@H]2CNCCO2)C3=CC=CC=C3
DB00924,CN(C)CCC=C1C2=CC=CC=C2C=CC3=CC=CC=C31
DB00891,C1=CC=NC(=C1)NS(=O)(=O)C2=CC=C(C=C2)N
DB00346,CN(CCCNC(=O)C1CCCO1)C2=NC3=CC(=C(C=C3C(=N2)N)OC)OC
DB09030,CCOC(=O)N[C@@H]1CC[C@@H]2[C@@H](C1)C[C@@H]3[C@H]([C@H]2/C=C/C4=NC=C(C=C4)C5=CC(=CC=C5)F)[C@H](OC3=O)C
DB09204,CC(C)(C)NCC(CSC1=NC(=CS1)C2=CC=C(S2)C(=O)N)O
DB00365,CC1CN(CCN1)C2=C(C(=C3C(=C2)N(C=C(C3=O)C(=O)O)C4CC4)C)F
DB08910,C1CC(=O)NC(=O)C1N2C(=O)C3=C(C2=O)C(=CC=C3)N
DB01295,CC1=CC(=CC=C1)OCC(CNCCC2=CC(=C(C=C2)OC)OC)O
DB00851,CN(C)/N=N/C1=C(NC=N1)C(=O)N
DB01472,CC(CC1=CC=C(C=C1)OC)N
DB09273,CN1C2=C(C(=O)N(C1=O)C)N(C=N2)CC3OCCO3
DB00322,C1[C@@H]([C@H](O[C@H]1N2C=C(C(=O)NC2=O)F)CO)O
DB00834,CC#C[C@@]1(CC[C@@H]2[C@@]1(C[C@@H](C3=C4CCC(=O)C=C4CC[C@@H]23)C5=CC=C(C=C5)N(C)C)C)O
DB08827,C1CN(CCC1NC(=O)C2=CC=CC=C2C3=CC=C(C=C3)C(F)(F)F)CCCCC4(C5=CC=CC=C5C6=CC=CC=C64)C(=O)NCC(F)(F)F
DB01297,CC(C)NCC(COC1=CC=C(C=C1)NC(=O)C)O
DB06678,CN1CCN2[C@H](C1)C3=CC=CC=C3CC4=C2N=CC=C4
DB00787,C1=NC2=C(N1COCCO)N=C(NC2=O)N
DB11560,C1CC1C2=CC=C(C3=CC=CC=C23)N4C(=NN=C4Br)SCC(=O)O
DB00553,COC1=C2C(=CC3=C1OC=C3)C=CC(=O)O2
DB00297,CCCCN1CCCCC1C(=O)NC2=C(C=CC=C2C)C
DB00557,C1CN(CCN1CCOCCO)C(C2=CC=CC=C2)C3=CC=C(C=C3)Cl
DB12141,CCC1=C(N=C(C(=N1)C(=O)N)NC2=CC(=C(C=C2)N3CCC(CC3)N4CCN(CC4)C)OC)NC5CCOCC5
DB01138,C1=CC=C(C=C1)N2C(=O)C(C(=O)N2C3=CC=CC=C3)CCS(=O)C4=CC=CC=C4
DB09034,C[C@@H]1CCN(CCN1C(=O)C2=C(C=CC(=C2)C)N3N=CC=N3)C4=NC5=C(O4)C=CC(=C5)Cl
DB00629,C1=CC(=C(C(=C1)Cl)C=NN=C(N)N)Cl
DB09054,CC[C@@H](C1=NC2=C(C(=CC=C2)F)C(=O)N1C3=CC=CC=C3)NC4=NC=NC5=C4NC=N5
DB00778,CC[C@@H]1[C@@]([C@@H]([C@H](/C(=N/OCOCCOC)/[C@@H](C[C@@]([C@@H]([C@H]([C@@H]([C@H](C(=O)O1)C)O[C@H]2C[C@@]([C@H]([C@@H](O2)C)O)(C)OC)C)O[C@H]3[C@@H]([C@H](C[C@H](O3)C)N(C)C)O)(C)O)C)C)O)(C)O
DB00414,CC(=O)C1=CC=C(C=C1)S(=O)(=O)NC(=O)NC2CCCCC2
DB00433,CN1CCN(CC1)CCCN2C3=CC=CC=C3SC4=C2C=C(C=C4)Cl
DB06267,CCCC1=NN(C2=C1N=C(NC2=O)C3=C(C=CC(=C3)S(=O)(=O)NCCC4CCCN4C)OCCC)C
DB06419,CC[C@@H]1[C@@]2([C@@H]([C@H](C(=O)[C@@H](C[C@@]([C@@H]([C@H](C(=O)[C@H](C(=O)O1)C)C)O[C@H]3[C@@H]([C@H](C[C@H](O3)C)N(C)C)O)(C)OC/C=C/C4=CC5=CC=CC=C5N=C4)C)C)NC(=O)O2)C
DB11682,C1CCC(CC1)N2C(=O)C(C(=O)N(C2=O)C3CCCCC3)C(=O)NCC(=O)O
DB00315,CN(C)CCC1=CNC2=C1C=C(C=C2)C[C@H]3COC(=O)N3
DB06789,CCCCCC(=O)O[C@@]1(CC[C@@H]2[C@@]1(CC[C@H]3[C@H]2CCC4=CC(=O)CC[C@]34C)C)C(=O)C
DB00266,C1=CC=C2C(=C1)C(=C(C(=O)O2)CC3=C(C4=CC=CC=C4OC3=O)O)O
DB00736,CC1=CN=C(C(=C1OC)C)C[S@](=O)C2=NC3=C(N2)C=C(C=C3)OC
DB00335,CC(C)NCC(COC1=CC=C(C=C1)CC(=O)N)O
DB00589,CCN(CC)C(=O)N[C@@H]1CN([C@@H]2CC3=CNC4=CC=CC(=C34)C2=C1)C
DB00327,CN1CC[C@]23[C@@H]4[C@H]1CC5=C2C(=C(C=C5)O)O[C@H]3C(=O)CC4
DB01132,CCC1=CN=C(C=C1)CCOC2=CC=C(C=C2)CC3C(=O)NC(=O)S3
DB04794,C1=CC=C(C=C1)C2=CC=C(C=C2)C(C3=CC=CC=C3)N4C=CN=C4
DB09073,CC1=C(C(=O)N(C2=NC(=NC=C12)NC3=NC=C(C=C3)N4CCNCC4)C5CCCC5)C(=O)C
DB11574,CC(C)[C@@H](C(=O)N1CCC[C@H]1C2=NC=C(N2)C3=CC4=C(C=C3)N5[C@@H](OC6=C(C5=C4)C=CC(=C6)C7=CN=C(N7)[C@@H]8CCCN8C(=O)[C@H](C(C)C)NC(=O)OC)C9=CC=CC=C9)NC(=O)OC
DB04572,C1CN1P(=S)(N2CC2)N3CC3
DB08502,CC(C)C1=C(N(C(=N1)COC(=O)N)CC2=CC=NC=C2)SC3=CC(=CC(=C3)Cl)Cl
DB01041,C1CC(=O)NC(=O)C1N2C(=O)C3=CC=CC=C3C2=O
DB01412,CN1C=NC2=C1C(=O)NC(=O)N2C
DB00328,CC1=C(C2=C(N1C(=O)C3=CC=C(C=C3)Cl)C=CC(=C2)OC)CC(=O)O
DB00978,CCN1C=C(C(=O)C2=CC(=C(C(=C21)F)N3CCNC(C3)C)F)C(=O)O
DB09296,CC(C)[C@@H](C(=O)N1CCC[C@H]1C(=O)NC2=CC=C(C=C2)[C@@H]3CC[C@H](N3C4=CC=C(C=C4)C(C)(C)C)C5=CC=C(C=C5)NC(=O)[C@@H]6CCCN6C(=O)[C@H](C(C)C)NC(=O)OC)NC(=O)OC
DB00213,COC1=C(C(=NC=C1)CS(=O)C2=NC3=C(N2)C=C(C=C3)OC(F)F)OC
DB04829,CCN(CC)C(=O)[C@H]1CN([C@@H]2CC3=CNC4=CC=CC(=C34)C2=C1)C
DB00367,CC[C@]12CC[C@H]3[C@H]([C@@H]1CC[C@]2(C#C)O)CCC4=CC(=O)CC[C@H]34
DB01576,C[C@@H](CC1=CC=CC=C1)N
DB11712,CC(C)(CO)C1=CC2=CC(=C(C=C2N1C[C@H](CO)O)F)NC(=O)C3(CC3)C4=CC5=C(C=C4)OC(O5)(F)F
DB00187,CC(C)NCC(COC1=CC=C(C=C1)CCC(=O)OC)O
DB01224,C1CN(CCN1CCOCCO)C2=NC3=CC=CC=C3SC4=CC=CC=C42
DB05154,C1[C@@H](COC2=NC(=CN21)[N+](=O)[O-])OCC3=CC=C(C=C3)OC(F)(F)F
DB09102,CC(C)[C@@H](C(=O)N1CCC[C@H]1C2=NC=C(N2)C3=CC=C(C=C3)C4=CC=C(C=C4)C5=CN=C(N5)[C@@H]6CCCN6C(=O)[C@H](C(C)C)NC(=O)OC)NC(=O)OC
DB00836,CN(C)C(=O)C(CCN1CCC(CC1)(C2=CC=C(C=C2)Cl)O)(C3=CC=CC=C3)C4=CC=CC=C4
DB01067,CC1=CN=C(C=N1)C(=O)NCCC2=CC=C(C=C2)S(=O)(=O)NC(=O)NC3CCCCC3
DB00494,CCN(CC)C(=O)/C(=C/C1=CC(=C(C(=C1)O)O)[N+](=O)[O-])/C#N
DB00588,CCC(=O)O[C@@]1([C@@H](C[C@@H]2[C@@]1(C[C@@H]([C@]3([C@H]2C[C@@H](C4=CC(=O)C=C[C@@]43C)F)F)O)C)C)C(=O)SCF
DB11986,CN1CCN(CC1)C2=CC(=C(C=C2)C(=O)NC3=NNC4=C3C=C(C=C4)CC5=CC(=CC(=C5)F)F)NC6CCOCC6
DB00997,C[C@H]1[C@H]([C@H](C[C@@H](O1)O[C@H]2C[C@@](CC3=C2C(=C4C(=C3O)C(=O)C5=C(C4=O)C(=CC=C5)OC)O)(C(=O)CO)O)N)O
DB00799,CCOC(=O)C1=CN=C(C=C1)C#CC2=CC3=C(C=C2)SCCC3(C)C
DB01283,CC1=CC(=C(C=C1)NC2=C(C=CC=C2Cl)F)CC(=O)O
DB00806,CC(=O)CCCCN1C(=O)C2=C(N=CN2C)N(C1=O)C
DB06725,CN1C(=C(C2=C(S1(=O)=O)C=C(S2)Cl)O)C(=O)NC3=CC=CC=N3
DB00749,CCC1=C2C(=CC=C1)C3=C(N2)C(OCC3)(CC)CC(=O)O
DB01217,CC(C)(C#N)C1=CC(=CC(=C1)CN2C=NC=N2)C(C)(C)C#N
DB12130,C[C@@H]1C2=C(C=CC(=C2)F)C(=O)N(CC3=NN(C(=C3C4=CC(=C(N=C4)N)O1)C#N)C)C
DB01656,C1CC1COC2=C(C=CC(=C2)C(=O)NC3=C(C=NC=C3Cl)Cl)OC(F)F
DB01059,CCN1C=C(C(=O)C2=CC(=C(C=C21)N3CCNCC3)F)C(=O)O
DB08808,CC1=CC(=C(C=C1)Cl)OCC(CNC(C)(C)C)O
DB00469,CN1C(=C(C2=C(S1(=O)=O)C=CS2)O)C(=O)NC3=CC=CC=N3
DB00700,C[C@]12CCC(=O)C=C1C[C@H]([C@@H]3[C@]24[C@H](O4)C[C@]5([C@H]3CC[C@@]56CCC(=O)O6)C)C(=O)OC
DB01403,C[C@@H](CN1C2=CC=CC=C2SC3=C1C=C(C=C3)OC)CN(C)C
DB04665,C1=CC=C2C(=C1)C=CC(=O)O2
DB00839,CC1=CC=C(C=C1)S(=O)(=O)NC(=O)NN2CCCCCC2
DB04846,CCN(CC)C(=O)NC1=CC(=C(C=C1)OCC(CNC(C)(C)C)O)C(=O)C
DB01176,CN1CCN(CC1)C(C2=CC=CC=C2)C3=CC=CC=C3
DB04957,CN1CCN(CC1)CCCCN2C(=O)CN(C2=O)/N=C/C3=CC=C(O3)C4=CC=C(C=C4)Cl
DB00672,CCCNC(=O)NS(=O)(=O)C1=CC=C(C=C1)Cl
DB01393,CC(C)(C(=O)O)OC1=CC=C(C=C1)CCNC(=O)C2=CC=C(C=C2)Cl
DB00263,CC1=C(ON=C1C)NS(=O)(=O)C2=CC=C(C=C2)N
DB01577,C[C@@H](CC1=CC=CC=C1)NC
DB00455,CCOC(=O)N1CCC(=C2C3=C(CCC4=C2N=CC=C4)C=C(C=C3)Cl)CC1
DB04839,CC(=O)[C@]1(CC[C@@H]2[C@@]1(CC[C@H]3[C@H]2C=C(C4=CC(=O)[C@@H]5C[C@@H]5[C@]34C)Cl)C)OC(=O)C
DB00805,CC1=CC(=NN=C1NCCN2CCOCC2)C3=CC=CC=C3
DB00936,C1=CC=C(C(=C1)C(=O)O)O
DB00384,C1=CC=C(C=C1)C2=NC3=C(N=C(N=C3N=C2N)N)N
DB01129,CC1=C(C=CN=C1CS(=O)C2=NC3=CC=CC=C3N2)OCCCOC
DB01126,C[C@]12CC[C@H]3[C@H]([C@@H]1CC[C@@H]2C(=O)NC4=C(C=CC(=C4)C(F)(F)F)C(F)(F)F)CC[C@@H]5[C@@]3(C=CC(=O)N5)C
DB00956,CN1CC[C@]23[C@@H]4[C@H]1CC5=C2C(=C(C=C5)OC)O[C@H]3C(=O)CC4
DB00909,C1=CC=C2C(=C1)C(=NO2)CS(=O)(=O)N
DB00487,CCN1C=C(C(=O)C2=CC(=C(C=C21)N3CCN(CC3)C)F)C(=O)O
DB00817,CCN1C=C(C(=O)C2=C1C=C(C=C2)C3=CC=NC=C3)C(=O)O
DB00998,CN[C@@H]1CCC2=C(C1)C3=C(N2)C=CC(=C3)C(=O)N
DB09099,C[C@H]([C@H]1C(=O)N[C@H](C(=O)N[C@H](C(=O)N[C@H](C(=O)N[C@@H](CSSC[C@@H](C(=O)N[C@H](C(=O)N[C@H](C(=O)N[C@H](C(=O)N[C@H](C(=O)N[C@H](C(=O)N[C@H](C(=O)N1)CCCCN)CC2=CNC3=CC=CC=C32)CC4=CC=CC=C4)CC5=CC=CC=C5)CC(=O)N)CCCCN)NC(=O)CNC(=O)[C@H](C)N)C(=O)O)CO)[C@@H](C)O)CC6=CC=CC=C6)O
DB00467,CCN1C=C(C(=O)C2=CC(=C(N=C21)N3CCNCC3)F)C(=O)O
DB00912,CCOC1=C(C=CC(=C1)CC(=O)N[C@@H](CC(C)C)C2=CC=CC=C2N3CCCCC3)C(=O)O
DB04894,CC(C)[C@H]1C(=O)N[C@@H](CSSC[C@@H](C(=O)N[C@H](C(=O)N[C@@H](C(=O)N[C@H](C(=O)N1)CCCCN)CC2=CNC3=CC=CC=C32)CC4=CC=C(C=C4)O)NC(=O)[C@@H](CC5=CC=CC=C5)N)C(=O)N[C@@H](CC6=CNC7=CC=CC=C76)C(=O)N
DB01764,CCN(CC)CCS(=O)(=O)[C@@H]1CCN2[C@H]1C(=O)O[C@@H]([C@@H](/C=C/C(=O)NC/C=C/C(=C/[C@H](CC(=O)CC3=NC(=CO3)C2=O)O)/C)C)C(C)C
DB01044,CC1CN(CCN1)C2=C(C=C3C(=C2OC)N(C=C(C3=O)C(=O)O)C4CC4)F
DB01369,CC[C@@H]1C(=O)N2CCC[C@H]2C(=O)N([C@H](C(=O)N3C[C@H](C(=O)C[C@H]3C(=O)N[C@H](C(=O)O[C@@H]([C@@H](C(=O)N1)NC(=O)C4=C(C=CC=N4)O)C)C5=CC=CC=C5)CS[C@@H]6CN7CCC6CC7)CC8=CC=C(C=C8)N(C)C)C
DB09290,CN1C=C(C2=CC=CC=C21)C(=O)[C@@H]3CCC4=C(C3)NC=N4
DB06237,COC1=C(C=C(C=C1)CNC2=NC(=NC=C2C(=O)NCC3=NC=CC=N3)N4CCC[C@H]4CO)Cl
DB06335,C1[C@@H]2C[C@@H]2N([C@@H]1C#N)C(=O)[C@H](C34CC5CC(C3)CC(C5)(C4)O)N
DB01609,C1=CC=C(C(=C1)C2=NN(C(=N2)C3=CC=CC=C3O)C4=CC=C(C=C4)C(=O)O)O
DB09166,CCC1=CC2=C(S1)N3C(=NN=C3CN=C2C4=CC=CC=C4Cl)C
DB12010,CC1(C(=O)N(C2=C(O1)C=CC(=N2)NC3=NC(=NC=C3F)NC4=CC(=C(C(=C4)OC)OC)OC)COP(=O)(O)O)C
DB01405,CC1CN(CCN1)C2=C(C=C3C(=C2)N(C=C(C3=O)C(=O)O)C4=C(C=C(C=C4)F)F)F
DB04975,C[N+](C)(CCNC1=C2C(=C(C=C1)NCC[N+](C)(C)[O-])C(=O)C3=C(C=CC(=C3C2=O)O)O)[O-]
DB06403,CC1=CC(=NC(=N1)O[C@H](C(=O)O)C(C2=CC=CC=C2)(C3=CC=CC=C3)OC)C
DB01261,C1CN2C(=NN=C2C(F)(F)F)CN1C(=O)C[C@@H](CC3=CC(=C(C=C3F)F)F)N
DB01227,CC[C@@H](C(C[C@H](C)N(C)C)(C1=CC=CC=C1)C2=CC=CC=C2)OC(=O)C
DB00933,CN1CCCCC1CCN2C3=CC=CC=C3SC4=C2C=C(C=C4)S(=O)C
DB00802,CCC(=O)N(C1=CC=CC=C1)C2(CCN(CC2)CCN3C(=O)N(N=N3)CC)COC
DB09143,C[C@@H]1CN(C[C@@H](O1)C)C2=NC=C(C=C2)NC(=O)C3=CC=CC(=C3C)C4=CC=C(C=C4)OC(F)(F)F
DB01580,CC(C)NCC(COC1=CC=CC=C1OCC=C)O
DB00831,CN1CCN(CC1)CCCN2C3=CC=CC=C3SC4=C2C=C(C=C4)C(F)(F)F
DB00945,CC(=O)OC1=CC=CC=C1C(=O)O
DB00528,CC1=C(C(C(=C(N1)C)C(=O)OC(C)(C)CN(C)CCC(C2=CC=CC=C2)C3=CC=CC=C3)C4=CC(=CC=C4)[N+](=O)[O-])C(=O)OC
DB00261,C1C2=C(C=CC(=C2Cl)Cl)N=C3N1CC(=O)N3
DB01394,CC(=O)NC1CCC2=CC(=C(C(=C2C3=CC=C(C(=O)C=C13)OC)OC)OC)OC
DB01174,CCC1(C(=O)NC(=O)NC1=O)C2=CC=CC=C2
DB00338,CC1=CN=C(C(=C1OC)C)CS(=O)C2=NC3=C(N2)C=C(C=C3)OC
DB01623,CN1CCN(CC1)CC/C=C\2/C3=CC=CC=C3SC4=C2C=C(C=C4)S(=O)(=O)N(C)C
DB00866,CC(C)NCC(COC1=CC=CC=C1CC=C)O
DB00779,CCN1C=C(C(=O)C2=C1N=C(C=C2)C)C(=O)O
DB05239,C1CCN[C@@H](C1)C2(CN(C2)C(=O)C3=C(C(=C(C=C3)F)F)NC4=C(C=C(C=C4)I)F)O
DB01155,CO/N=C/1\CN(CC1CN)C2=C(C=C3C(=O)C(=CN(C3=N2)C4CC4)C(=O)O)F
DB00642,C1=CC(=CC=C1CCC2=CNC3=C2C(=O)NC(=N3)N)C(=O)N[C@@H](CCC(=O)O)C(=O)O
DB00827,CCN1C2=CC3=C(C=C2C(=O)C(=N1)C(=O)O)OCO3
DB04845,C[C@H]1CCC[C@@]2([C@@H](O2)C[C@H](NC(=O)C[C@@H](C(C(=O)[C@@H]([C@H]1O)C)(C)C)O)/C(=C/C3=CSC(=N3)C)/C)C
DB00814,CC1=CN=C(S1)NC(=O)C2=C(C3=CC=CC=C3S(=O)(=O)N2C)O
DB06512,C[C@@]12CC[C@@H](C1(C)C)C[C@@]2(C3=CC=CC=C3)OCCN(C)C
DB01065,CC(=O)NCCC1=CNC2=C1C=C(C=C2)OC
DB01359,CC(C)(C)NC[C@@H](COC1=CC=CC=C1C2CCCC2)O
DB01367,C#CCN[C@@H]1CCC2=CC=CC=C12
DB00960,CC(C)NCC(COC1=CC=CC2=C1C=CN2)O
DB00243,CC1=C(C(=CC=C1)C)NC(=O)CN2CCN(CC2)CC(COC3=CC=CC=C3OC)O
DB01558,C1C(=O)NC2=C(C=C(C=C2)Br)C(=N1)C3=CC=CC=N3
DB05990,CC[C@@H]1[C@@H]2C[C@@H](CC[C@@]2([C@H]3CC[C@]4([C@H]([C@@H]3[C@@H]1O)CC[C@@H]4[C@H](C)CCC(=O)O)C)C)O
DB00401,CC1=C(C(C(=C(N1)C)C(=O)OCC(C)C)C2=CC=CC=C2[N+](=O)[O-])C(=O)OC
DB09299,C[C@H](CN1C=NC2=C(N=CN=C21)N)OC[P@@](=O)(N[C@@H](C)C(=O)OC(C)C)OC3=CC=CC=C3
DB00656,C1CN(CCN1CCCN2C(=O)N3C=CC=CC3=N2)C4=CC(=CC=C4)Cl
DB01032,CCCN(CCC)S(=O)(=O)C1=CC=C(C=C1)C(=O)O
DB09330,CN1C=C(C2=CC=CC=C21)C3=NC(=NC=C3)NC4=C(C=C(C(=C4)NC(=O)C=C)N(C)CCN(C)C)OC
DB11697,C1CCN(C1)CCOC2=C3COC/C=C/COCC4=CC(=CC=C4)C5=NC(=NC=C5)NC(=C3)C=C2
DB00864,C[C@@H]1C[C@@H]([C@@H]2[C@H](C[C@H]([C@@](O2)(C(=O)C(=O)N3CCCC[C@H]3C(=O)O[C@@H]([C@@H]([C@H](CC(=O)[C@@H](/C=C(/C1)\C)CC=C)O)C)/C(=C/[C@@H]4CC[C@H]([C@@H](C4)OC)O)/C)O)C)OC)OC
DB00897,CC1=NN=C2N1C3=C(C=C(C=C3)Cl)C(=NC2)C4=CC=CC=C4Cl
DB00564,C1=CC=C2C(=C1)C=CC3=CC=CC=C3N2C(=O)N
DB00309,CC[C@@]1(C[C@H]2C[C@@](C3=C(CCN(C2)C1)C4=CC=CC=C4N3)(C5=C(C=C6C(=C5)[C@]78CCN9[C@H]7[C@@](C=CC9)([C@H]([C@@]([C@@H]8N6C)(C(=O)N)O)O)CC)OC)C(=O)OC)O
DB00320,C[C@@]1(C(=O)N2[C@H](C(=O)N3CCC[C@H]3[C@@]2(O1)O)CC4=CC=CC=C4)NC(=O)[C@@H]5C[C@H]6[C@@H](CC7=CNC8=CC=CC6=C78)N(C5)C
DB01008,CS(=O)(=O)OCCCCOS(=O)(=O)C
DB00820,CN1CC(=O)N2[C@@H](C1=O)CC3=C([C@H]2C4=CC5=C(C=C4)OCO5)NC6=CC=CC=C36
DB08931,CN(C1=C(N=C(N=C1N)C2=NN(C3=C2C=CC=N3)CC4=CC=CC=C4F)N)C(=O)OC
DB06691,CN(C)CCN(CC1=CC=C(C=C1)OC)C2=CC=CC=N2
DB00845,CC(C)N=C1C=C2C(=NC3=CC=CC=C3N2C4=CC=C(C=C4)Cl)C=C1NC5=CC=C(C=C5)Cl
DB00907,CN1[C@H]2CC[C@@H]1[C@H]([C@H](C2)OC(=O)C3=CC=CC=C3)C(=O)OC
DB00927,C1=C(N=C(S1)N=C(N)N)CSCCC(=NS(=O)(=O)N)N
DB01175,CN(C)CCC[C@@]1(C2=C(CO1)C=C(C=C2)C#N)C3=CC=C(C=C3)F
DB00248,CCNC(=O)N(CCCN(C)C)C(=O)[C@@H]1C[C@H]2[C@@H](CC3=CNC4=CC=CC2=C34)N(C1)CC=C
DB01054,CCOC(=O)C1=C(NC(=C(C1C2=CC(=CC=C2)[N+](=O)[O-])C(=O)OC)C)C
DB00741,C[C@]12CCC(=O)C=C1CC[C@@H]3[C@@H]2[C@H](C[C@]4([C@H]3CC[C@@]4(C(=O)CO)O)C)O
DB00563,CN(CC1=CN=C2C(=N1)C(=NC(=N2)N)N)C3=CC=C(C=C3)C(=O)N[C@@H](CCC(=O)O)C(=O)O
DB00184,CN1CCC[C@H]1C2=CN=CC=C2
DB00205,CCC1=C(C(=NC(=N1)N)N)C2=CC=C(C=C2)Cl
DB00599,CCCC(C)C1(C(=O)NC(=S)NC1=O)CC
DB00204,CN(CCC1=CC=C(C=C1)NS(=O)(=O)C)CCOC2=CC=C(C=C2)NS(=O)(=O)C
DB00685,C1[C@@H]2[C@@H](C2N)CN1C3=C(C=C4C(=O)C(=CN(C4=N3)C5=C(C=C(C=C5)F)F)C(=O)O)F
DB06228,C1COCC(=O)N1C2=CC=C(C=C2)N3C[C@@H](OC3=O)CNC(=O)C4=CC=C(S4)Cl
DB05294,CN1CCC(CC1)COC2=C(C=C3C(=C2)N=CN=C3NC4=C(C=C(C=C4)Br)F)OC
DB00740,C1=CC2=C(C=C1OC(F)(F)F)SC(=N2)N
DB12001,CCN1CCN(CC1)CC2=CN=C(C=C2)NC3=NC=C(C(=N3)C4=CC5=C(C(=C4)F)N=C(N5C(C)C)C)F
DB11978,CN1CC[C@H](C[C@@H]1C2=NC3=CC=CC=C3N2)NC(=O)NC4=CC=C(C=C4)C#N
DB06212,CC1=CC=CC=C1C(=O)NC2=CC(=C(C=C2)C(=O)N3CCC[C@H](C4=C3C=CC(=C4)Cl)O)C
DB06777,C[C@H](CCC(=O)O)[C@H]1CC[C@@H]2[C@@]1(CC[C@H]3[C@H]2[C@@H](C[C@H]4[C@@]3(CC[C@H](C4)O)C)O)C
DB11951,CC1=NC(=NC=C1OC[C@]2(C[C@H]2C(=O)NC3=NC=C(C=C3)F)C4=CC(=CC=C4)F)C
DB00759,C[C@@]1([C@H]2C[C@H]3[C@@H](C(=O)C(=C([C@]3(C(=O)C2=C(C4=C1C=CC=C4O)O)O)O)C(=O)N)N(C)C)O
DB00623,C1CN(CCN1CCCN2C3=CC=CC=C3SC4=C2C=C(C=C4)C(F)(F)F)CCO
DB00283,C[C@@](C1=CC=CC=C1)(C2=CC=C(C=C2)Cl)OCC[C@H]3CCCN3C
DB01396,C[C@@H]1[C@H]([C@H](C[C@@H](O1)O[C@@H]2[C@H](O[C@H](C[C@@H]2O)O[C@@H]3[C@H](O[C@H](C[C@@H]3O)O[C@H]4CC[C@]5([C@@H](C4)CC[C@@H]6[C@@H]5CC[C@]7([C@@]6(CC[C@@H]7C8=CC(=O)OC8)O)C)C)C)C)O)O
DB00395,CCCC(C)(COC(=O)N)COC(=O)NC(C)C
DB01002,CCCCN1CCCC[C@H]1C(=O)NC2=C(C=CC=C2C)C
DB09224,CC1CCN(CC1)CCCC(=O)C2=CC=C(C=C2)F
DB00697,C1CN=C(N1)NC2=C(C=CC3=NSN=C32)Cl
DB01559,CCC1=CC2=C(S1)N(C(=O)CN=C2C3=CC=CC=C3Cl)C
DB00349,CN1C(=O)CC(=O)N(C2=C1C=CC(=C2)Cl)C3=CC=CC=C3
DB11828,CCOC1=C(C=C2C(=C1)N=CC(=C2NC3=CC(=C(C=C3)OCC4=CC=CC=N4)Cl)C#N)NC(=O)/C=C/CN(C)C
DB06774,CC(C)/C=C/CCCCC(=O)NCC1=CC(=C(C=C1)O)OC
DB01587,CC1=CC(=O)N2CC(=O)N(C3=C(C2(O1)C4=CC=CC=C4)C=C(C=C3)Cl)C
DB08893,C1=CC=C(C=C1)[C@H](CNCCC2=CC=C(C=C2)NC(=O)CC3=CSC(=N3)N)O
DB00813,CCC(=O)N(C1CCN(CC1)CCC2=CC=CC=C2)C3=CC=CC=C3
DB01009,CC(C1=CC(=CC=C1)C(=O)C2=CC=CC=C2)C(=O)O
DB00906,CC1=C(SC=C1)C(=CCCN2CCC[C@H](C2)C(=O)O)C3=C(C=CS3)C
DB08820,CC(C)(C)C1=CC(=C(C=C1NC(=O)C2=CNC3=CC=CC=C3C2=O)O)C(C)(C)C
DB00966,CCCC1=NC2=C(N1CC3=CC=C(C=C3)C4=CC=CC=C4C(=O)O)C=C(C=C2C)C5=NC6=CC=CC=C6N5C
DB00865,C[C@@H](CC1=CC=CC=C1)N(C)CC2=CC=CC=C2
DB09235,CC1=C(C(C(=C(N1)C)P2(=O)OCC(CO2)(C)C)C3=CC(=CC=C3)[N+](=O)[O-])C(=O)OCCN(CC4=CC=CC=C4)C5=CC=CC=C5
DB00559,CC(C)(C)C1=CC=C(C=C1)S(=O)(=O)NC2=C(C(=NC(=N2)C3=NC=CC=N3)OCCO)OC4=CC=CC=C4OC
DB01319,CC(C)CN(C[C@H]([C@H](CC1=CC=CC=C1)NC(=O)O[C@H]2CCOC2)OP(=O)(O)O)S(=O)(=O)C3=CC=C(C=C3)N
DB05246,CC1(CC(=O)N(C1=O)C)C2=CC=CC=C2
DB04908,C1CN(CCN1CCN2C3=CC=CC=C3NC2=O)C4=CC=CC(=C4)C(F)(F)F
DB08880,C/C(=C(\C#N)/C(=O)NC1=CC=C(C=C1)C(F)(F)F)/O
DB00636,CCOC(=O)C(C)(C)OC1=CC=C(C=C1)Cl
DB00794,CCC1(C(=O)NCNC1=O)C2=CC=CC=C2
DB01236,C(OC(C(F)(F)F)C(F)(F)F)F
DB00173,C1=NC2=NC=NC(=C2N1)N
DB11737,C#CC1=CC(=CC=C1)NC2=NC=NC3=CC4=C(C=C32)OCCOCCOCCO4
DB00849,CCC1(C(=O)NC(=O)N(C1=O)C)C2=CC=CC=C2
DB09237,CCOC(=O)C1=C(NC(=C([C@@H]1C2=CC=CC=C2Cl)C(=O)OC)C)COCCN
DB00353,CC[C@@H](CO)NC(=O)[C@H]1CN([C@@H]2CC3=CNC4=CC=CC(=C34)C2=C1)C
DB00191,CC(C)(CC1=CC=CC=C1)N
DB08912,CC(C)(C)C1=NC(=C(S1)C2=NC(=NC=C2)N)C3=C(C(=CC=C3)NS(=O)(=O)C4=C(C=CC=C4F)F)F
DB06654,C[C@@H](C(=O)N)NCC1=CC=C(C=C1)OCC2=CC(=CC=C2)F
DB03010,C[C@H]1CCC[C@@]2([C@@H](O2)C[C@H](OC(=O)C[C@@H](C(C(=O)[C@@H]([C@H]1O)C)(C)C)O)/C(=C/C3=CSC(=N3)C)/C)C
DB01152,C[C@@H]1[C@H]([C@@H]([C@@H](C(O1)OC\2CC(C(C(CC(=O)CC(CC(CC(CC(=O)CCCC(=O)CC(=O)OC(C(/C=C/C=C/C=C/C=C/C=C/C=C/C=C2)C)C(C)CC(C)C(CC(=O)C3=CC=C(C=C3)N)O)O)O)O)O)C(=O)O)O)O)N)O
DB01873,C[C@H]1CCC/C(=C\C[C@H](OC(=O)C[C@@H](C(C(=O)[C@@H]([C@H]1O)C)(C)C)O)/C(=C/C2=CSC(=N2)C)/C)/C
DB04070,CC[C@@H]1[C@@H]([C@@H]([C@H](C(=O)[C@@H](C[C@@H]([C@@H]([C@H]([C@@H]([C@H](C(=O)O1)C)O)C)O)C)C)C)O)C
DB00358,C1CCNC(C1)C(C2=CC(=NC3=C2C=CC=C3C(F)(F)F)C(F)(F)F)O
DB00593,CCC1(CC(=O)NC1=O)C
DB00910,C[C@H](/C=C/[C@H](C)C(C)(C)O)[C@H]1CC[C@@H]\2[C@@]1(CCC/C2=C\C=C3C[C@H](C[C@@H](C3)O)O)C
DB05039,CCC1=C(C=C2CC(CC2=C1)NC[C@@H](C3=C4C=CC(=O)NC4=C(C=C3)O)O)CC
DB00753,C(C(F)(F)F)(OC(F)F)Cl
DB09280,CC1=C(N=C(C=C1)NC(=O)C2(CC2)C3=CC4=C(C=C3)OC(O4)(F)F)C5=CC(=CC=C5)C(=O)O
DB09124,CC1=C[C@@H]2[C@H](CC[C@]3([C@H]2CC[C@]3(C)C(=O)C)C)[C@@]4(C1=CC(=O)CC4)C
DB02187,C[C@]12CC[C@H]3C(=CCC4=C3C=CC(=C4)O)[C@@H]1CCC2=O
DB01384,C[C@@H]1C[C@H]2[C@@H]3C[C@@H](C4=CC(=O)C=C[C@@]4([C@H]3[C@H](C[C@@]2([C@]1(C(=O)CO)O)C)O)C)F
DB01134,C[C@]12CC[C@H]3[C@H]([C@@H]1CC[C@@H]2C(=O)COC(=O)C(C)(C)C)CCC4=CC(=O)CC[C@]34C
DB02789,CC(=O)[C@H]1CC[C@@H]2[C@@]1(CC[C@H]3[C@H]2CC=C4[C@@]3(CC[C@@H](C4)O)C)C
DB01536,C[C@]12CCC(=O)C=C1CC[C@@H]3[C@@H]2CC[C@]4([C@H]3CCC4=O)C
DB03701,C1CN(CCN1CCCC2=CC=CC=C2)CCOC(C3=CC=C(C=C3)F)C4=CC=C(C=C4)F
DB00378,CC(=O)[C@H]1CC[C@@H]2[C@@]1(CC[C@@H]3[C@H]2C=CC4=CC(=O)CC[C@@]34C)C
DB04652,C[C@]12CCC(=O)C=C1CC[C@@H]3[C@@H]2[C@H](C[C@]4([C@H]3CC[C@@H]4C(=O)CO)C)O
DB03515,C[C@]12CCC3=C([C@@H]1CCC2=O)C=CC4=C3C=CC(=C4)O
DB01068,C1C(=O)NC2=C(C=C(C=C2)[N+](=O)[O-])C(=N1)C3=CC=CC=C3Cl
DB00620,C[C@]12C[C@@H]([C@]3([C@H]([C@@H]1C[C@H]([C@@]2(C(=O)CO)O)O)CCC4=CC(=O)C=C[C@@]43C)F)O
DB00982,CC1=C(C(CCC1)(C)C)/C=C/C(=C/C=C/C(=C\C(=O)O)/C)/C
DB04835,CC1=NN=C(N1C2C[C@H]3CC[C@@H](C2)N3CC[C@@H](C4=CC=CC=C4)NC(=O)C5CCC(CC5)(F)F)C(C)C
DB00683,CC1=NC=C2N1C3=C(C=C(C=C3)Cl)C(=NC2)C4=CC=CC=C4F
DB00663,C[C@@H]1C[C@H]2[C@@H]3C[C@@H](C4=CC(=O)C=C[C@@]4([C@]3([C@H](C[C@@]2([C@]1(C(=O)CO)O)C)O)F)C)F
DB00687,C[C@]12CCC(=O)C=C1CC[C@@H]3[C@@]2([C@H](C[C@]4([C@H]3CC[C@@]4(C(=O)CO)O)C)O)F
DB01588,C1CC1CN2C(=O)CN=C(C3=C2C=CC(=C3)Cl)C4=CC=CC=C4
DB09223,CCN1CCN(CC1)C2=NC3=C(CCCCCC3)C(=C2)C4=CC=C(C=C4)F
DB01583,C1=CC(=C(C=C1OC2=C(C=C(C=C2I)C[C@@H](C(=O)[O-])N)I)I)O.C1=C(C=C(C(=C1I)OC2=CC(=C(C(=C2)I)O)I)I)C[C@@H](C(=O)[O-])N.[Na+].[Na+]
DB00911,CCS(=O)(=O)CCN1C(=NC=C1[N+](=O)[O-])C
DB08867,CC(=O)[C@]1(CC[C@@H]2[C@@]1(C[C@@H](C3=C4CCC(=O)C=C4CC[C@@H]23)C5=CC=C(C=C5)N(C)C)C)O
DB08815,C1CC[C@H]([C@@H](C1)CN2CCN(CC2)C3=NSC4=CC=CC=C43)CN5C(=O)[C@H]6[C@@H]7CC[C@@H](C7)[C@H]6C5=O
DB04630,C[C@]12CCC(=O)C=C1CC[C@@H]3[C@@H]2[C@H](C[C@]4([C@H]3CC[C@@H]4C(=O)CO)C=O)O
DB09389,CCC12CCC3C(C1CCC2(C#C)O)CCC4=CC(=O)CCC34
DB11575,CC(C)(C)[C@H]1C(=O)N2C[C@@H](C[C@H]2C(=O)N[C@@]3(C[C@H]3C=C)C(=O)NS(=O)(=O)C4CC4)OC5=NC6=C(C=CC(=C6)OC)N=C5CCCCC[C@@H]7C[C@H]7OC(=O)N1
DB00163,CC1=C(C2=C(CC[C@@](O2)(C)CCC[C@H](C)CCC[C@H](C)CCCC(C)C)C(=C1O)C)C
DB11619,CC[C@]12C=CC3=C4CCC(=O)C=C4CC[C@H]3[C@@H]1CC[C@]2(C#C)O
DB09017,CC1=NN=C2N1C3=C(C=C(S3)Br)C(=NC2)C4=CC=CC=C4Cl
DB00546,CN(C)CC1=NN=C2N1C3=C(C=C(C=C3)Cl)C(=NC2)C4=CC=CC=C4
DB00294,CC[C@]12CC(=C)[C@H]3[C@H]([C@@H]1CC[C@]2(C#C)O)CCC4=CC(=O)CC[C@H]34
DB01595,C1C(=O)NC2=C(C=C(C=C2)[N+](=O)[O-])C(=N1)C3=CC=CC=C3
DB00186,C1=CC=C(C(=C1)C2=NC(C(=O)NC3=C2C=C(C=C3)Cl)O)Cl
DB09083,CN(CCCN1CCC2=CC(=C(C=C2CC1=O)OC)OC)C[C@H]3CC4=CC(=C(C=C34)OC)OC
DB04828,CC1=C(N(C(=C1)CC(=O)O)C)C(=O)C2=CC=C(C=C2)Cl
DB09095,C[C@@H]1C[C@H]2[C@@H]3C[C@@H](C4=CC(=O)C=C[C@@]4([C@]3([C@H](C[C@@]2([C@H]1C(=O)CO)C)O)F)C)F
DB00199,CC[C@@H]1[C@@]([C@@H]([C@H](C(=O)[C@@H](C[C@@]([C@@H]([C@H]([C@@H]([C@H](C(=O)O1)C)O[C@H]2C[C@@]([C@H]([C@@H](O2)C)O)(C)OC)C)O[C@H]3[C@@H]([C@H](C[C@H](O3)C)N(C)C)O)(C)O)C)C)O)(C)O
DB01047,CC(=O)OCC(=O)[C@@]12[C@@H](C[C@@H]3[C@@]1(C[C@@H]([C@]4([C@H]3C[C@@H](C5=CC(=O)C=C[C@@]54C)F)F)O)C)OC(O2)(C)C
DB00708,CCC(=O)N(C1=CC=CC=C1)C2(CCN(CC2)CCC3=CC=CS3)COC
DB09216,CC1=C(C=CC=C1Cl)NC2=CC=CC=C2C(=O)O
DB08868,CCCCCCCCC1=CC=C(C=C1)CCC(CO)(CO)N
DB06282,C1CN(CCN1CCOCC(=O)O)[C@H](C2=CC=CC=C2)C3=CC=C(C=C3)Cl
DB00628,C1=CC=C(C=C1)C2=NC(C(=O)NC3=C2C=C(C=C3)Cl)C(=O)O
DB00351,CC1=C[C@@H]2[C@H](CC[C@]3([C@H]2CC[C@@]3(C(=O)C)OC(=O)C)C)[C@@]4(C1=CC(=O)CC4)C
DB00394,CCC(=O)OCC(=O)[C@]1([C@H](C[C@@H]2[C@@]1(C[C@@H]([C@]3([C@H]2CCC4=CC(=O)C=C[C@@]43C)Cl)O)C)C)OC(=O)CC
DB08903,CN(C)CC[C@@](C1=CC=CC2=CC=CC=C21)([C@H](C3=CC=CC=C3)C4=C(N=C5C=CC(=CC5=C4)Br)OC)O
DB01013,CCC(=O)O[C@@]1([C@H](C[C@@H]2[C@@]1(C[C@@H]([C@]3([C@H]2CCC4=CC(=O)C=C[C@@]43C)F)O)C)C)C(=O)CCl
DB00860,C[C@]12C[C@@H]([C@H]3[C@H]([C@@H]1CC[C@@]2(C(=O)CO)O)CCC4=CC(=O)C=C[C@]34C)O
DB09123,C[C@]12CCC3=C4CCC(=O)C=C4CC[C@H]3[C@@H]1CC[C@]2(CC#N)O
DB08907,CC1=C(C=C(C=C1)[C@H]2[C@@H]([C@H]([C@@H]([C@H](O2)CO)O)O)O)CC3=CC=C(S3)C4=CC=C(C=C4)F
DB00959,C[C@H]1C[C@H]2[C@@H]3CC[C@@]([C@]3(C[C@@H]([C@@H]2[C@@]4(C1=CC(=O)C=C4)C)O)C)(C(=O)CO)O
DB00443,C[C@H]1C[C@H]2[C@@H]3CCC4=CC(=O)C=C[C@@]4([C@]3([C@H](C[C@@]2([C@]1(C(=O)CO)O)C)O)F)C
DB01380,CC(=O)OCC(=O)[C@]1(CC[C@@H]2[C@@]1(CC(=O)[C@H]3[C@H]2CCC4=CC(=O)CC[C@]34C)C)O
DB00539,CN(C)CCOC1=CC=C(C=C1)/C(=C(/CCCl)\C2=CC=CC=C2)/C3=CC=CC=C3
DB00591,C[C@]12C[C@@H]([C@]3([C@H]([C@@H]1C[C@@H]4[C@]2(OC(O4)(C)C)C(=O)CO)C[C@@H](C5=CC(=O)C=C[C@@]53C)F)F)O
DB05814,CCC(C)(C)C(=O)C(=O)N1CCC[C@H]1C(=O)O
DB04838,CC1CC(CC(C1)(C)C)OC(=O)C(C2=CC=CC=C2)O
DB09232,CC1=C(C(C(=C(N1)C)C(=O)OC/C=C/C2=CC=CC=C2)C3=CC(=CC=C3)[N+](=O)[O-])C(=O)OCCOC
DB01234,C[C@@H]1C[C@H]2[C@@H]3CCC4=CC(=O)C=C[C@@]4([C@]3([C@H](C[C@@]2([C@]1(C(=O)CO)O)C)O)F)C
DB01018,C1=CC(=C(C(=C1)Cl)CC(=O)N=C(N)N)Cl
DB05885,CC[C@@H](C(=O)N)N1C[C@@H](CC1=O)C=C(F)F
DB06207,C[C@H](CC1=CC2=C(C(=C1)C(=O)N)N(CC2)CCCO)NCCOC3=CC=CC=C3OCC(F)(F)F
DB01222,CCCC1O[C@@H]2C[C@H]3[C@@H]4CCC5=CC(=O)C=C[C@@]5([C@H]4[C@H](C[C@@]3([C@@]2(O1)C(=O)CO)C)O)C
DB01275,C1=CC=C2C(=C1)C=NN=C2NN
DB09090,CC1(C2CCC(C1C2)CCOCC[N+]3(CCOCC3)CC4=CC(=C(C=C4Br)OC)OC)C
DB04977,CC[C@H](C)[C@@H]1[C@H](CC(=O)O[C@H](C(=O)[C@@H](C(=O)N[C@H](C(=O)N2CCC[C@H]2C(=O)N([C@H](C(=O)O[C@@H]([C@@H](C(=O)N1)NC(=O)[C@@H](CC(C)C)N(C)C(=O)[C@@H]3CCCN3C(=O)C(=O)C)C)CC4=CC=C(C=C4)OC)C)CC(C)C)C)C(C)C)O
DB08918,CCN(CC)C(=O)[C@]1(C[C@H]1CN)C2=CC=CC=C2
DB09229,CC1=C(C(C(=C(N1)C)C(=O)OCC(=O)C)C2=CC=CC=C2[N+](=O)[O-])C(=O)OC
DB04825,CC(CC1=CC=CC=C1)NCCC(C2=CC=CC=C2)C3=CC=CC=C3
DB06152,CC(CCC1=CC=CC=C1)NC(C)C(C2=CC=C(C=C2)O)O
DB09236,CCOC(=O)C1=C(NC(=C(C1C2=CC=CC=C2/C=C/C(=O)OC(C)(C)C)C(=O)OCC)C)C
DB09239,CC1=C([C@@H](C(=C(N1)C)C(=O)OCCCN2CCC(CC2)(C3=CC=CC=C3)C4=CC=CC=C4)C5=CC(=CC=C5)[N+](=O)[O-])C(=O)OC
DB00694,C[C@H]1[C@H]([C@H](C[C@@H](O1)O[C@H]2C[C@@](CC3=C2C(=C4C(=C3O)C(=O)C5=C(C4=O)C(=CC=C5)OC)O)(C(=O)C)O)N)O
DB00764,C[C@@H]1C[C@H]2[C@@H]3CCC4=CC(=O)C=C[C@@]4([C@]3([C@H](C[C@@]2([C@]1(C(=O)CCl)O)C)O)Cl)C
DB00104,C[C@H]([C@H]1C(=O)N[C@@H](CSSC[C@@H](C(=O)N[C@H](C(=O)N[C@@H](C(=O)N[C@H](C(=O)N1)CCCCN)CC2=CNC3=CC=CC=C32)CC4=CC=CC=C4)NC(=O)[C@@H](CC5=CC=CC=C5)N)C(=O)N[C@H](CO)[C@@H](C)O)O
DB06741,C1=CC=C(C=C1)NC(=O)/C=C/C2=C(NC3=C2C(=CC(=C3)Cl)Cl)C(=O)O
DB08899,CC1(C(=O)N(C(=S)N1C2=CC(=C(C=C2)C(=O)NC)F)C3=CC(=C(C=C3)C#N)C(F)(F)F)C
DB00612,CC(C)NCC(COC1=CC=C(C=C1)COCCOC(C)C)O
DB00615,C[C@H]1/C=C/C=C(\C(=O)N=C2C(=C3C(=C4C2=NC5(N4)CCN(CC5)CC(C)C)C6=C(C(=C3O)C)O[C@@](C6=O)(O/C=C/[C@@H]([C@H]([C@H]([C@@H]([C@@H]([C@@H]([C@H]1O)C)O)C)OC(=O)C)C)OC)C)O)/C
DB11751,C[C@H]1CO[C@H]2N1C(=O)C3=C(C(=O)C(=CN3C2)C(=O)NCC4=C(C=C(C=C4)F)F)O
DB04842,C1CN(CCC12C(=O)NCN2C3=CC=CC=C3)CCCC(C4=CC=C(C=C4)F)C5=CC=C(C=C5)F
DB04854,CC1=C(SC(=N1)C2=CC(=C(C=C2)OCC(C)C)C#N)C(=O)O
DB06401,CC1=C(N(C2=C1C=C(C=C2)O)CC3=CC=C(C=C3)OCCN4CCCCCC4)C5=CC=C(C=C5)O
DB09049,COCCOCCOCCOCCOCCOCCOCCO[C@H]1CC[C@]2([C@H]3CC4=C5[C@]2([C@H]1OC5=C(C=C4)O)CCN3CC=C)O
DB00273,CC1(O[C@@H]2CO[C@@]3([C@H]([C@@H]2O1)OC(O3)(C)C)COS(=O)(=O)N)C
DB00819,CC(=O)NC1=NN=C(S1)S(=O)(=O)N
DB00202,C[N+](C)(C)CCOC(=O)CCC(=O)OCC[N+](C)(C)C
DB00228,C(C(OC(F)F)(F)F)(F)Cl
DB00947,C[C@]12CC[C@H]3[C@H]([C@@H]1CC[C@@H]2O)[C@@H](CC4=C3C=CC(=C4)O)CCCCCCCCCS(=O)CCCC(C(F)(F)F)(F)F
DB00180,C[C@]12C[C@@H]([C@H]3[C@H]([C@@H]1C[C@@H]4[C@]2(OC(O4)(C)C)C(=O)CO)C[C@@H](C5=CC(=O)C=C[C@]35C)F)O
DB01048,C1CC1NC2=C3C(=NC(=N2)N)N(C=N3)[C@@H]4C[C@@H](C=C4)CO
DB01183,C=CCN1CC[C@]23[C@@H]4C(=O)CC[C@]2([C@H]1CC5=C3C(=C(C=C5)O)O4)O
DB04552,C1=CC(=CC(=C1)NC2=C(C=CC=N2)C(=O)O)C(F)(F)F
DB06817,CC1=NN=C(O1)C(=O)NC(C)(C)C2=NC(=C(C(=O)N2C)O)C(=O)NCC3=CC=C(C=C3)F
DB00704,C1CC1CN2CC[C@]34[C@@H]5C(=O)CC[C@]3([C@H]2CC6=C4C(=C(C=C6)O)O5)O
DB01200,CC(C)C[C@H]1C(=O)N2CCC[C@H]2[C@]3(N1C(=O)[C@](O3)(C(C)C)NC(=O)[C@H]4CN([C@@H]5CC6=C(NC7=CC=CC(=C67)C5=C4)Br)C)O
DB00695,C1=COC(=C1)CNC2=CC(=C(C=C2C(=O)O)S(=O)(=O)N)Cl
DB00861,C1=CC(=C(C=C1C2=C(C=C(C=C2)F)F)C(=O)O)O
DB00118,C[S+](CC[C@@H](C(=O)[O-])N)C[C@@H]1[C@H]([C@H]([C@@H](O1)N2C=NC3=C(N=CN=C32)N)O)O
DB01201,C[C@H]1/C=C/C=C(\C(=O)NC2=C(C(=C3C(=C2O)C(=C(C4=C3C(=O)[C@](O4)(O/C=C/[C@@H]([C@H]([C@H]([C@@H]([C@@H]([C@@H]([C@H]1O)C)O)C)OC(=O)C)C)OC)C)C)O)O)/C=N/N5CCN(CC5)C6CCCC6)/C
DB03575,C1CCC(CC1)(C2=CC=CC=C2)N3CCCCC3
DB00988,C1=CC(=C(C=C1CCN)O)O
DB00776,C1C2=CC=CC=C2N(C3=CC=CC=C3C1=O)C(=O)N
DB01007,C1=CC(=C(C=C1Cl)Cl)C(CN2C=CN=C2)OCC3=C(SC=C3)Cl
DB00953,CN(C)CCC1=CNC2=C1C=C(C=C2)CN3C=NC=N3
DB00312,CCCC(C)C1(C(=O)NC(=O)NC1=O)CC
DB00669,CNS(=O)(=O)CC1=CC2=C(C=C1)NC=C2CCN(C)C
DB00279,C1=CC(=C(C=C1OC2=C(C=C(C=C2I)C[C@@H](C(=O)O)N)I)I)O
DB00555,C1=CC(=C(C(=C1)Cl)Cl)C2=C(N=C(N=N2)N)N
DB00952,CNS(=O)(=O)CCC1=CC2=C(C=C1)NC=C2C3CCN(CC3)C
DB01253,C[C@@H](CO)NC(=O)[C@H]1CN([C@@H]2CC3=CNC4=CC=CC(=C34)C2=C1)C
DB03496,CN1CC[C@@H]([C@@H](C1)O)C2=C(C=C(C3=C2OC(=CC3=O)C4=CC=CC=C4Cl)O)O
DB06412,C[C@]12CC[C@H]3[C@H]([C@@H]1CC[C@]2(C)O)CC[C@@H]4[C@@]3(C/C(=C/O)/C(=O)C4)C
DB01208,C[C@@H]1CN(C[C@@H](N1)C)C2=C(C(=C3C(=C2F)N(C=C(C3=O)C(=O)O)C4CC4)N)F
DB01137,C[C@H]1COC2=C3N1C=C(C(=O)C3=CC(=C2N4CCN(CC4)C)F)C(=O)O
DB01165,CC1COC2=C3N1C=C(C(=O)C3=CC(=C2N4CCN(CC4)C)F)C(=O)O
DB00721,CCN(CC)CCOC(=O)C1=CC=C(C=C1)N
DB08811,CCC1C(=NN=C(C2=CC(=C(C=C12)OC)OC)C3=CC(=C(C=C3)OC)OC)C
DB01168,CC(C)NC(=O)C1=CC=C(C=C1)CNNC
DB00484,C1CN=C(N1)NC2=C(C3=NC=CN=C3C=C2)Br
DB00973,C1=CC(=CC=C1[C@@H]2[C@H](C(=O)N2C3=CC=C(C=C3)F)CC[C@@H](C4=CC=C(C=C4)F)O)O
DB00323,CC1=CC=C(C=C1)C(=O)C2=CC(=C(C(=C2)O)O)[N+](=O)[O-]
DB01252,C1CC[C@H]2CN(C[C@H]2C1)C(=O)C[C@H](CC3=CC=CC=C3)C(=O)O
DB00388,CNC[C@@H](C1=CC(=CC=C1)O)O
DB00268,CCCN(CCC)CCC1=C2CC(=O)NC2=CC=C1
DB01045,C[C@H]1/C=C/C=C(\C(=O)NC2=C(C(=C3C(=C2O)C(=C(C4=C3C(=O)[C@](O4)(O/C=C/[C@@H]([C@H]([C@H]([C@@H]([C@@H]([C@@H]([C@H]1O)C)O)C)OC(=O)C)C)OC)C)C)O)O)/C=N/N5CCN(CC5)C)/C
DB00445,C[C@H]1[C@@H]([C@H](C[C@@H](O1)O[C@H]2C[C@@](CC3=C2C(=C4C(=C3O)C(=O)C5=C(C4=O)C(=CC=C5)OC)O)(C(=O)CO)O)N)O
DB00352,C1=NC2=C(N1)C(=S)N=C(N2)N
DB06201,C1=CC(=C(C(=C1)F)CN2C=C(N=N2)C(=O)N)F
DB00422,COC(=O)C(C1CCCCN1)C2=CC=CC=C2
DB08933,C1[C@H](S/C(=C(\C#N)/N2C=CN=C2)/S1)C3=C(C=C(C=C3)Cl)Cl
DB00434,CN1CCC(=C2C3=CC=CC=C3C=CC4=CC=CC=C42)CC1
DB06781,CCCC(=O)O[C@@]1(CC[C@@H]2[C@@]1(C[C@@H]([C@]3([C@H]2C[C@@H](C4=CC(=O)C=C[C@@]43C)F)F)O)C)C(=O)COC(=O)C
DB00288,CC(=O)OCC(=O)[C@@]12[C@@H](C[C@@H]3[C@@]1(C[C@@H]([C@]4([C@H]3CCC5=CC(=O)C=C[C@@]54C)F)O)C)OC6(O2)CCCC6
DB12471,C[C@H](C(C)C)[C@]1(CC[C@@]2([C@H]3CC[C@H]4[C@]5(COC[C@]4(C3=CC[C@]2([C@@H]1C(=O)O)C)C[C@H]([C@@H]5OC[C@@](C)(C(C)(C)C)N)N6C(=NC=N6)C7=CC=NC=C7)C)C)C
DB00724,CC(C)CN1C=NC2=C1C3=CC=CC=C3N=C2N
DB00240,C[C@@H]1C[C@H]2[C@@H]3[C@@H](CC4=CC(=O)C=C[C@@]4([C@H]3[C@H](C[C@@]2([C@]1(C(=O)CO)O)C)O)C)Cl
DB01210,CC(C)(C)NC[C@@H](COC1=CC=CC2=C1CCCC2=O)O
DB09274,C[C@@H]1CC[C@H]2[C@H]([C@@H](O[C@H]3[C@@]24[C@H]1CC[C@](O3)(OO4)C)OC(=O)CCC(=O)O)C
DB00655,C[C@]12CC[C@H]3[C@H]([C@@H]1CCC2=O)CCC4=C3C=CC(=C4)O
DB00194,C1=NC(=C2C(=N1)N(C=N2)[C@H]3[C@H]([C@@H]([C@H](O3)CO)O)O)N
DB06693,CC[C@H](C)C(=O)O[C@H]1CCC=C2[C@H]1[C@H]([C@H](C=C2)C)CC[C@@H]3C[C@H](CC(=O)O3)O
DB01194,CCN[C@H]1CN(S(=O)(=O)C2=C1C=C(S2)S(=O)(=O)N)CCCOC
DB09013,CC(C)NCC(COC1=CC=CC2=C1OC(=C2)C(=O)C)O
DB13158,C[C@H]1C[C@H]2[C@@H]3CCC4=CC(=O)C=C[C@@]4([C@]3(C(=O)C[C@@]2([C@]1(C(=O)CCl)O)C)F)C
DB11942,C1=CN=C(C=N1)NNC(=O)/C=C\N2C=NC(=N2)C3=CC(=CC(=C3)C(F)(F)F)C(F)(F)F
DB00896,CCC(=O)[C@]1([C@@H](C[C@@H]2[C@@]1(C[C@@H]([C@H]3[C@H]2CCC4=CC(=O)C=C[C@]34C)O)C)C)C
DB12329,CN(C)[C@H]1[C@@H]2C[C@@H]3CC4=C(C=C(C(=C4C(=C3C(=O)[C@@]2(C(=C(C1=O)C(=O)N)O)O)O)O)NC(=O)CN5CCCC5)F
DB12674,CC1=CC2=C([C@@H]3[C@@H]4[C@H]5C6=C(C(=C7C(=C6[C@@H](N4[C@H]([C@H](C2)N3C)O)COC(=O)[C@@]8(CS5)C9=C(CCN8)C2=C(N9)C=CC(=C2)OC)OCO7)C)OC(=O)C)C(=C1OC)O
DB00846,C[C@]12CCC(=O)C=C1[C@H](C[C@@H]3[C@@H]2[C@H](C[C@]4([C@H]3C[C@@H]5[C@]4(OC(O5)(C)C)C(=O)CO)C)O)F
DB00253,C[C@H]1C[C@H]2[C@@H]3CC[C@@H]([C@]3(C[C@@H]([C@@H]2[C@@]4(C1=CC(=O)CC4)C)O)C)C(=O)C
DB05219,B1(C2=C(CO1)C=C(C=C2)OC3=CC=C(C=C3)C#N)O
DB01708,C[C@]12CC[C@H]3[C@H]([C@@H]1CCC2=O)CC=C4[C@@]3(CC[C@@H](C4)O)C
DB08846,C1=C2C3=C(C(=C1O)O)OC(=O)C4=CC(=C(C(=C43)OC2=O)O)O
DB00337,CC[C@@H]1/C=C(/C[C@@H](C[C@@H]([C@@H]2[C@H](C[C@H]([C@@](O2)(C(=O)C(=O)N3CCCC[C@H]3C(=O)O[C@@H]([C@@H]([C@H](CC1=O)O)C)/C(=C/[C@@H]4CC[C@@H]([C@@H](C4)OC)Cl)/C)O)C)OC)OC)C)\C
DB09327,C1CC(OC1)N2C=C(C(=O)NC2=O)F.C1=CNC(=O)NC1=O
DB12582,C1CCN(CC1)C(=O)/C=C/C=C/C2=CC3=C(C=C2)OCO3
DB01130,CCC(=O)OCC(=O)[C@]1(CC[C@@H]2[C@@]1(C[C@@H]([C@H]3[C@H]2CCC4=CC(=O)C=C[C@]34C)O)C)OC(=O)OCC
DB01214,CC1=CC(=C(C(=C1OC(=O)C)C)C)OCC(CNC(C)C)O
DB12218,C1CN(CCC1(C(=O)N[C@@H](CCO)C2=CC=C(C=C2)Cl)N)C3=NC=NC4=C3C=CN4
DB01400,CN(C)C(=O)OC1=CC=CC(=C1)[N+](C)(C)C
DB00233,C1=CC(=C(C=C1N)O)C(=O)O
DB08804,CCCCCCCCCC(=O)O[C@H]1CC[C@@H]2[C@@]1(CC[C@H]3[C@H]2CCC4=CC(=O)CC[C@H]34)C
DB02709,C1=CC(=CC=C1/C=C/C2=CC(=CC(=C2)O)O)O
DB00475,CN=C1CN(C(=C2C=C(C=CC2=N1)Cl)C3=CC=CC=C3)O
DB00324,C[C@H]1C[C@H]2[C@@H]3CC[C@@]([C@]3(C[C@@H]([C@@]2([C@@]4(C1=CC(=O)C=C4)C)F)O)C)(C(=O)C)O
DB12466,C1=C(N=C(C(=O)N1)C(=O)N)F
DB12612,CC(C)OC1=C(C=C(C=C1)C2=NC(=NO2)C3=C4CC[C@@H](C4=CC=C3)NCCO)C#N
DB06756,C[N+](C)(C)CC(=O)[O-]
DB12020,C1[C@@H]2[C@H]1[C@@H]3C=C[C@H]2[C@@H]4[C@H]3C(=O)N(C4=O)NC(=O)C5=CC=C(C=C5)C(F)(F)F
DB11693,CC[C@H]1C(=O)N(CC(=O)N([C@H](C(=O)N[C@H](C(=O)N([C@H](C(=O)N[C@H](C(=O)N[C@@H](C(=O)N([C@H](C(=O)N([C@H](C(=O)N([C@H](C(=O)N([C@H](C(=O)N1)[C@@H]([C@H](C)C/C=C/C=C)O)C)C(C)C)C)CC(C)C)C)CC(C)C)C)C)C)CC(C)C)C)C(C)C)CC(C)C)C)C
DB00711,CCN(CC)C(=O)N1CCN(CC1)C
DB11691,CC(C)(C1=NC(=NO1)C2=CC=CC=C2)NC(=O)C3=C([C@H]4[C@@]56CCN([C@@H]([C@@]5(C3)O)CC7=C6C(=C(C=C7)O)O4)CC8CC8)O
DB13878,C[C@H]([C@@H](C(=O)N1CCC[C@H]1C2=NC3=C(N2)C=C(C(=C3)F)[C@H]4CC[C@@H](N4C5=CC(=C(C(=C5)F)N6CCC(CC6)C7=CC=C(C=C7)F)F)C8=CC9=C(C=C8F)N=C(N9)[C@@H]1CCCN1C(=O)[C@H]([C@@H](C)OC)NC(=O)OC)NC(=O)OC)OC
DB00677,CC(C)OP(=O)(OC(C)C)F
DB11791,CNC(=O)C1=C(C=C(C=C1)C2=NN3C(=CN=C3N=C2)CC4=CC5=C(C=C4)N=CC=C5)F
DB11921,CC1=N[C@@]2([C@H](O1)C[C@@H]3[C@@]2(C[C@@H]([C@H]4[C@H]3CCC5=CC(=O)C=C[C@]45C)O)C)C(=O)COC(=O)C
DB01064,CC(C)NCC(C1=CC(=C(C=C1)O)O)O
DB12941,C[C@@H](CN1C=CC(=N1)C2=CC(=C(C=C2)C#N)Cl)NC(=O)C3=NNC(=C3)C(C)O
DB12457,C1C[C@H](C2=C(C=CC=N2)[C@H]([C@@H]1C3=C(C(=CC=C3)F)F)N)OC(=O)N4CCC(CC4)N5C6=C(NC5=O)N=CC=C6
DB00545,C[N+]1=CC=CC(=C1)OC(=O)N(C)C
DB00888,CN(CCCl)CCCl
DB11817,CCS(=O)(=O)N1CC(C1)(CC#N)N2C=C(C=N2)C3=C4C=CNC4=NC=N3
DB12548,CCCCC1=NC2(CCCC2)C(=O)N1CC3=CC(=C(C=C3)C4=CC=CC=C4S(=O)(=O)NC5=NOC(=C5C)C)COCC
DB06292,CCOC1=CC=C(C=C1)CC2=C(C=CC(=C2)[C@H]3[C@@H]([C@H]([C@@H]([C@H](O3)CO)O)O)O)Cl
DB13174,C1=CC2=C(C(=C1)O)C(=O)C3=C(C2=O)C=C(C=C3O)C(=O)O
DB12978,C1=CC(=NC=C1CC2=CNC3=C2C=C(C=N3)Cl)NCC4=CN=C(C=C4)C(F)(F)F
DB13879,CC1(CC1)S(=O)(=O)NC(=O)[C@]2(C[C@H]2C(F)F)NC(=O)[C@@H]3C[C@@H]4CN3C(=O)[C@@H](NC(=O)O[C@@H]5CCC[C@H]5OC/C=C/C(C6=NC7=CC=CC=C7N=C6O4)(F)F)C(C)(C)C
DB00392,CCN(CC)C(C)CN1C2=CC=CC=C2SC3=CC=CC=C31
DB12543,C1CC1CN2CC[C@]34CC(=O)CC[C@]3([C@H]2CC5=C4C(=C(C=C5)C(=O)N)O)O
DB12693,CC1=C(C(=O)N2C=CSC2=N1)CCN3CCC(=C(C4=CC=C(C=C4)F)C5=CC=C(C=C5)F)CC3
DB06701,COC(=O)[C@@H]([C@H]1CCCCN1)C2=CC=CC=C2
DB00841,CC(CCC1=CC=C(C=C1)O)NCCC2=CC(=C(C=C2)O)O
DB13003,C[C@@H]1C[C@H]2[C@@H]3C=C(C4=CC5=C(C[C@@]4([C@H]3[C@H](C[C@@]2([C@]1(C(=O)COC(=O)C)O)C)O)C)C=NN5C6=CC=CC=C6)C
DB06077,CN1CCN2[C@H]3CCN(C[C@H]3C4=C2C1=CC=C4)CCCC(=O)C5=CC=C(C=C5)F
DB11796,CC1=NN(C=N1)C2=NC=C(C3=C2N(C=C3C(=O)C(=O)N4CCN(CC4)C(=O)C5=CC=CC=C5)COP(=O)(O)O)OC
DB00437,C1=NNC2=C1C(=O)NC=N2
DB00968,C[C@](CC1=CC(=C(C=C1)O)O)(C(=O)O)N
DB12597,C1CN(C[C@@H]1O)C2=C(C=C(C=N2)C(=O)NC3=CC=C(C=C3)OC(F)(F)Cl)C4=CC=NN4
DB12184,CC1(CC(=O)N(C(=O)C1)CCCCN2CCN(CC2)C3=NC=CC=N3)C
DB01245,C[N+](C)(C)CCCCCCCCCC[N+](C)(C)C
DB01337,CC(=O)O[C@H]1C[C@@H]2CC[C@@H]3[C@@H]([C@]2(C[C@@H]1[N+]4(CCCCC4)C)C)CC[C@]5([C@H]3C[C@@H]([C@@H]5OC(=O)C)[N+]6(CCCCC6)C)C
DB12713,CCOC1=CC=C(C=C1)CC2=C(C=CC(=C2)[C@H]3[C@@H]([C@H]([C@@H]([C@H](O3)SC)O)O)O)Cl
DB00508,CN(C)CCCN1C2=CC=CC=C2SC3=C1C=C(C=C3)C(F)(F)F
DB13919,CCOC1=NC2=CC=CC(=C2N1CC3=CC=C(C=C3)C4=CC=CC=C4C5=NNN=N5)C(=O)O
DB12874,CC(C)(C)C1=CC(=NO1)NC(=O)NC2=CC=C(C=C2)C3=CN4C5=C(C=C(C=C5)OCCN6CCOCC6)SC4=N3
DB13783,CC1=C(C2=C(N1C(=O)C3=CC=C(C=C3)Cl)C=CC(=C2)OC)CC(=O)OCC(=O)O
DB12278,CCCOC(C1=CC=CC=C1)(C2=CC=CC=C2)C(=O)OC3CCN(CC3)C
DB06695,CCCCCCOC(=O)NC(=N)C1=CC=C(C=C1)NCC2=NC3=C(N2C)C=CC(=C3)C(=O)N(CCC(=O)OCC)C4=CC=CC=N4
DB00601,CC(=O)NC[C@H]1CN(C(=O)O1)C2=CC(=C(C=C2)N3CCOCC3)F
DB09245,CC1=CC(=CC=C1)N2CC(OC2=O)CO
DB01338,CC(=O)O[C@H]1C[C@@H]2CC[C@@H]3[C@@H]([C@]2(C[C@@H]1N4CC[N+](CC4)(C)C)C)CC[C@]5([C@H]3C[C@@H]([C@@H]5OC(=O)C)N6CC[N+](CC6)(C)C)C
DB09244,CC1=CC2=C(C=C1)N3CCNC4C3=C2CCC4
DB00244,C1=CC(=C(C=C1N)C(=O)O)O
DB01014,C1=CC(=CC=C1C(=O)NCCC(=O)O)N=NC2=CC(=C(C=C2)O)C(=O)O
DB00527,CCCCOC1=NC2=CC=CC=C2C(=C1)C(=O)NCCN(CC)CC
DB11943,C1C(CN1C2=C(C=C3C(=C2Cl)N(C=C(C3=O)C(=O)O)C4=C(C=C(C(=N4)N)F)F)F)O
DB00391,CCN1CCCC1CNC(=O)C2=C(C=CC(=C2)S(=O)(=O)N)OC
DB13179,C[C@@H]1C[C@@H]([C@H]([C@@H](O1)O[C@H]2[C@H](C[C@@]3(CO3)C(=O)[C@@H]([C@H]([C@H]([C@H](OC(=O)[C@@H]([C@H]([C@@H]2C)O[C@H]4C[C@@H]([C@H]([C@@H](O4)C)OC(=O)C)OC)C)C)C)OC(=O)C)C)C)OC(=O)C)N(C)C
DB12513,C[C@@]12CC[C@]3(CCC(C[C@H]3[C@H]1C(=O)C=C4[C@]2(CC[C@@H]5[C@@]4(C=C(C(=O)C5(C)C)C#N)C)C)(C)C)NC(=O)C(C)(F)F
DB12093,COC1=C(C2=C(C[C@H]3C4=CC(=C(C=C4CCN3C2)OC)OC)C=C1)OC
DB12255,C1=CC(=CC(=C1)Cl)C2=CC(=C(N=C2)C(=O)NCC(=O)O)O
DB11901,CNC(=O)C1=C(C=C(C=C1)N2C(=S)N(C(=O)C23CCC3)C4=CC(=C(N=C4)C#N)C(F)(F)F)F
DB11753,C[C@H]1/C=C/C=C(\C(=O)NC2=CC(=C3C(=C2O)C(=C(C4=C3C(=O)[C@](O4)(O/C=C/[C@@H]([C@H]([C@H]([C@@H]([C@@H]([C@@H]([C@H]1O)C)O)C)OC(=O)C)C)OC)C)C)O)O)/C
